,track_name,artist(s)_name,streams,bpm,key,danceability_%,valence_%,energy_%,acousticness_%,instrumentalness_%,liveness_%,speechiness_%,released_date,song_id,promotion
0,Seven (feat. Latto) (Explicit Ver.),"Latto, Jung Kook",141381703,125,B,80,89,83,31,0,8,4,2023-07-14,000,1
1,LALA,Myke Towers,133716286,92,C#,71,61,74,7,0,10,4,2023-03-23,001,1
2,vampire,Olivia Rodrigo,140003974,138,F,51,32,53,17,0,31,6,2023-06-30,002,1
3,Cruel Summer,Taylor Swift,800840817,170,A,55,58,72,11,0,11,15,2019-08-23,003,1
4,WHERE SHE GOES,Bad Bunny,303236322,144,A,65,23,80,14,63,11,6,2023-05-18,004,1
5,Sprinter,"Dave, Central Cee",183706234,141,C#,92,66,58,19,0,8,24,2023-06-01,005,0
6,Ella Baila Sola,"Eslabon Armado, Peso Pluma",725980112,148,F,67,83,76,48,0,8,3,2023-03-16,006,1
7,Columbia,Quevedo,58149378,100,F,67,26,71,37,0,11,4,2023-07-07,007,1
8,fukumean,Gunna,95217315,130,C#,85,22,62,12,0,28,9,2023-05-15,008,1
9,La Bebe - Remix,"Peso Pluma, Yng Lvcas",553634067,170,D,81,56,48,21,0,8,33,2023-03-17,009,1
10,un x100to,"Bad Bunny, Grupo Frontera",505671438,83,F#,57,56,72,23,0,27,5,2023-04-17,010,1
11,Super Shy,NewJeans,58255150,150,F,78,52,82,18,0,15,7,2023-07-07,011,0
13,Daylight,David Kushner,387570742,130,D,51,32,43,83,0,9,3,2023-04-14,012,1
15,Kill Bill,SZA,1163093654,89,G#,64,43,73,5,17,16,4,2022-12-08,013,0
16,Cupid - Twin Ver.,Fifty Fifty,496795686,120,B,78,76,59,43,0,34,3,2023-02-24,014,1
18,Classy 101,"Feid, Young Miko",335222234,100,B,86,67,66,14,0,12,16,2023-03-31,015,1
19,Like Crazy,Jimin,363369738,120,G,63,36,73,0,0,36,4,2023-03-24,016,1
20,LADY GAGA,"Gabito Ballesteros, Junior H, Peso Pluma",86444842,140,F,65,87,74,22,0,42,4,2023-06-22,017,1
21,I Can See You (Taylorï¿½ï¿½ï¿½s Version) (From The ,Taylor Swift,52135248,123,F#,69,82,76,6,0,6,3,2023-07-07,018,1
23,"Peso Pluma: Bzrp Music Sessions, Vol. 55","Bizarrap, Peso Pluma",200647221,133,F,85,81,67,26,0,12,5,2023-05-31,019,0
24,Popular (with Playboi Carti & Madonna) - The Idol Vol. 1 (Music from the HBO Original Series),"The Weeknd, Madonna, Playboi Carti",115364561,99,C#,85,83,68,7,0,36,20,2023-06-02,020,1
25,SABOR FRESA,Fuerza Regida,78300654,130,G,79,96,86,9,0,9,9,2023-06-22,021,1
26,Calm Down (with Selena Gomez),"Rï¿½ï¿½ma, Selena G",899183384,107,B,80,82,80,43,0,14,4,2022-03-25,022,0
27,MOJABI GHOST,"Tainy, Bad Bunny",61245289,122,F#,81,74,71,14,0,56,4,2023-06-29,023,1
28,Last Night,Morgan Wallen,429829812,204,F#,52,52,68,46,0,15,4,2023-01-31,024,1
29,Dance The Night (From Barbie The Album),Dua Lipa,127408954,110,B,67,78,85,2,0,33,5,2023-05-25,025,1
30,Rush,Troye Sivan,22581161,126,F,74,35,84,0,0,11,6,2023-07-13,026,0
31,TULUM,"Peso Pluma, Grupo Frontera",52294266,168,F#,56,63,87,39,0,11,5,2023-06-28,027,1
32,Creepin',"The Weeknd, 21 Savage, Metro Boomin",843957510,98,C#,71,17,61,36,0,8,5,2022-12-02,028,0
33,Anti-Hero,Taylor Swift,999748277,97,E,64,51,63,12,0,19,5,2022-10-21,029,1
34,TQG,"Karol G, Shakira",618990393,180,E,72,61,63,67,0,9,28,2023-02-23,030,0
36,Frï¿½ï¿½gil (feat. Grupo Front,"Yahritza Y Su Esencia, Grupo Frontera",188933502,150,F#,61,39,73,37,0,11,3,2023-04-07,031,1
37,Blank Space,Taylor Swift,1355959075,96,F,75,57,68,9,0,13,6,2014-01-01,032,1
38,Style,Taylor Swift,786181836,95,D,60,48,79,0,0,12,4,2014-01-01,033,1
39,TQM,Fuerza Regida,176553476,125,F,79,96,85,27,0,11,6,2023-05-19,034,1
40,El Azul,"Junior H, Peso Pluma",354495408,144,A,56,84,65,23,0,10,6,2023-02-10,035,1
41,Sunflower - Spider-Man: Into the Spider-Verse,"Post Malone, Swae Lee",2808096550,90,D,76,91,50,54,0,7,5,2018-10-09,036,0
42,I'm Good (Blue),"Bebe Rexha, David Guetta",1109433169,128,G,56,38,97,4,0,35,4,2022-08-26,037,1
43,See You Again,"Tyler, The Creator, Kali Uchis",1047101291,79,F#,56,58,56,37,0,11,10,2017-07-21,038,0
45,Angels Like You,Miley Cyrus,570515054,122,F,67,49,64,10,0,10,3,2020-11-27,039,1
47,Die For You,The Weeknd,1647990401,134,C#,59,51,52,9,0,15,7,2016-11-24,040,1
48,Starboy,"The Weeknd, Daft Punk",2565529693,186,G,68,49,59,16,0,13,28,2016-09-21,041,0
49,Die For You - Remix,"Ariana Grande, The Weeknd",518745108,67,C#,53,50,53,23,0,44,7,2023-02-24,042,0
50,El Cielo,"Feid, Myke Towers, Sky Rompiendo",107753850,106,A#,72,17,64,7,0,10,5,2023-06-02,043,1
51,Baby Don't Hurt Me,"David Guetta, Anne-Marie, Coi Leray",177740666,128,G,60,23,91,0,0,12,3,2023-04-06,044,0
52,AMARGURA,Karol G,153372011,107,F#,92,55,70,18,0,15,7,2023-02-24,045,1
53,(It Goes Like) Nanana - Edit,Peggy Gou,57876440,130,G,67,96,88,12,19,8,4,2023-06-15,046,0
56,Moonlight,Kali Uchis,256483385,137,G,64,88,72,51,0,17,5,2023-02-24,047,0
57,La Bachata,Manuel Turizo,1214083358,125,G,84,85,68,58,0,22,4,2022-05-26,048,0
60,Tï¿½ï¿,"dennis, MC Kevin o Chris",111947664,130,B,86,59,96,50,1,9,5,2023-05-04,049,0
61,Boy's a liar Pt. 2,"PinkPantheress, Ice Spice",156338624,133,F,70,86,81,25,0,25,5,2023-02-03,050,1
62,Left and Right (Feat. Jung Kook of BTS),"Charlie Puth, BTS, Jung Kook",720434240,101,D,88,72,59,62,0,9,3,2022-06-24,051,0
63,BESO,"Rauw Alejandro, ROSALï¿½",357925728,95,F,77,53,64,74,0,17,14,2023-03-24,052,1
64,Hey Mor,"Ozuna, Feid",674072710,98,C#,90,40,59,0,0,10,29,2022-10-06,053,1
65,Yellow,Chris Molitor,1755214421,173,B,43,28,66,0,0,23,3,1999-01-01,054,1
66,Karma,Taylor Swift,404562836,90,G#,64,10,62,7,0,48,7,2022-10-21,055,0
67,People,Libianca,373199958,198,A#,59,71,42,55,0,10,7,2022-12-02,056,1
68,Overdrive,Post Malone,14780425,140,C#,56,48,73,0,0,35,4,2023-07-14,057,0
69,Enchanted (Taylor's Version),Taylor Swift,39578178,82,G#,51,22,53,1,0,15,3,2023-07-07,058,0
70,BABY HELLO,"Rauw Alejandro, Bizarrap",54266102,130,C#,77,84,89,17,0,43,5,2023-06-23,059,1
72,golden hour,JVKE,751134527,94,C#,51,14,59,65,18,25,3,2022-07-15,060,1
74,"Quevedo: Bzrp Music Sessions, Vol. 52","Bizarrap, Quevedo",1356565093,128,D,62,55,78,1,3,23,4,2022-07-06,061,1
75,Viva La Vida,Coldplay,1592909789,138,F,49,42,62,9,0,11,3,2008-01-01,062,1
76,Here With Me,d4vd,635412045,132,E,58,27,48,50,0,12,3,2022-07-17,063,0
77,Unholy (feat. Kim Petras),"Sam Smith, Kim Petras",1230675890,131,D,71,24,47,1,0,27,9,2022-09-22,064,1
78,Yandel 150,"Yandel, Feid",585695368,168,F#,78,58,73,5,0,10,7,2022-12-20,065,1
79,CORAZï¿½ï¿½N VA,Maria Becerra,43857627,98,C#,68,40,79,33,0,30,6,2023-06-22,066,1
80,Riptide,Vance Joy,2009094673,102,C#,48,50,73,43,0,15,4,1975-01-01,067,1
81,Until I Found You (with Em Beihold) - Em Beihold Version,"Em Beihold, Stephen Sanchez",600976848,101,A#,34,32,57,78,0,20,3,2022-04-22,068,1
82,Novidade na ï¿½ï¿,"Mc Livinho, DJ Matt D",39709092,130,F,63,36,34,76,0,35,9,2023-06-23,069,1
83,Back To December (Taylor's Version),Taylor Swift,39228929,142,D,50,20,64,1,0,12,3,2023-07-07,070,1
84,STAY (with Justin Bieber),"Justin Bieber, The Kid Laroi",2665343922,170,C#,59,48,76,4,0,10,5,2021-07-09,071,1
85,El Merengue,"Marshmello, Manuel Turizo",223633238,124,G#,78,70,68,3,1,11,4,2023-03-03,072,1
87,Me Porto Bonito,"Chencho Corleone, Bad Bunny",1440757818,92,C#,91,43,71,9,0,9,8,2022-05-06,073,1
88,Makeba,Jain,165484133,116,D,82,40,66,39,51,25,7,2015-06-22,074,1
89,MONTAGEM - FR PUNK,"Ayparia, unxbected",58054811,129,A,63,84,82,70,8,9,7,2012-06-20,075,1
90,Fast Car,Luke Combs,157058870,98,G#,71,67,60,19,0,12,3,2023-03-24,076,0
91,What It Is (Solo Version),Doechii,95131998,172,C#,74,76,76,6,0,10,9,2023-03-17,077,1
92,Coco Chanel,"Bad Bunny, Eladio Carrion",250305248,150,D,68,14,76,4,0,10,4,2023-03-17,078,1
93,Donï¿½ï¿½ï¿½t Bl,Taylor Swift,685032533,136,A,62,19,53,11,0,6,4,2017-11-08,079,1
94,Still With You,Jung Kook,38411956,88,C#,53,34,47,9,0,83,4,2020-06-05,080,0
95,All My Life (feat. J. Cole),"J. Cole, Lil Durk",144565150,143,D#,83,69,44,15,0,10,33,2023-05-12,081,1
96,Say Yes To Heaven,Lana Del Rey,127567540,100,F#,49,17,35,71,9,11,3,2023-03-17,082,0
97,Snooze,SZA,399686758,143,F,56,39,55,14,0,11,13,2022-12-09,083,1
98,Summertime Sadness,Lana Del Rey,983637508,112,C#,56,24,66,7,0,12,3,2011-01-01,084,1
99,Take Two,BTS,118482347,93,G,62,57,59,3,0,38,3,2023-06-09,085,1
100,Lover,Taylor Swift,882831184,206,G,43,50,55,50,0,15,10,2012-01-01,086,1
101,Too Many Nights (feat. Don Toliver & with Future),"Future, Metro Boomin, Don Toliver",286400165,88,G,68,17,71,15,0,11,5,2022-12-02,087,1
102,Chemical,Post Malone,172825906,170,D,50,37,90,0,0,12,5,2023-04-14,088,1
103,Mockingbird,Eminem,1241559043,84,E,62,24,67,21,0,13,28,2004-01-01,089,0
104,New Jeans,NewJeans,29562220,134,E,81,53,72,51,0,12,5,2023-07-07,090,1
105,Primera Cita,Carin Leon,77309611,158,A#,54,50,40,61,0,10,6,2022-04-20,091,1
106,Cold Heart - PNAU Remix,"Dua Lipa, Elton John, Pnau",1605224506,116,C#,80,92,80,4,0,10,3,2017-11-10,092,1
107,Dandelions,Ruth B.,1116995633,117,C#,61,45,69,2,0,9,3,2017-04-28,093,1
108,Bones,Imagine Dragons,838079900,114,F,77,65,72,2,0,7,5,2021-03-11,094,1
109,Set Fire to the Rain,Adele,1163620694,108,D,61,47,68,0,0,13,3,2011-01-01,095,1
110,Money Trees,"Kendrick Lamar, Jay Rock",1093605526,144,E,74,37,53,7,0,21,10,2012-01-01,096,1
111,Tak Segampang Itu,Anggi Marito,179659294,130,F,51,18,44,76,0,11,3,2022-12-02,097,1
112,LAGUNAS,"Jasiel Nuï¿½ï¿½ez, Peso P",39058561,116,B,77,79,62,33,1,15,3,2023-06-22,098,0
113,Mine (Taylor's Version),Taylor Swift,36912123,121,G,65,49,78,0,0,17,4,2023-07-07,099,1
114,Everybody Wants To Rule The World,Tears For Fears,1205951614,112,G,64,54,81,36,0,11,6,1985-02-17,100,1
115,No Role Modelz,J. Cole,1791000570,100,A#,70,47,52,30,0,6,33,2014-12-09,101,1
116,Tattoo,Loreen,201660859,150,D#,55,30,78,24,0,12,8,2023-02-25,102,1
117,Rara Vez,"Taiu, Milo j",248088961,120,F,84,96,71,18,0,34,17,2023-02-08,103,1
118,VAGABUNDO,"Sebastian Yatra, Manuel Turizo, Beï¿½ï",90839753,127,B,82,89,85,4,0,23,6,2023-05-12,104,1
119,august,Taylor Swift,607123776,90,F,51,42,61,53,0,9,3,2020-07-24,105,0
120,LUNA,"Junior H, Peso Pluma",55842345,128,A,75,79,63,33,0,15,4,2023-06-22,106,0
121,Miracle (with Ellie Goulding),"Calvin Harris, Ellie Goulding",211050784,143,A,64,31,87,4,4,8,4,2023-03-10,107,1
122,Nonsense,Sabrina Carpenter,342897938,139,G#,74,68,68,3,0,26,4,2022-07-15,108,0
123,Que Vuelvas,"Carin Leon, Grupo Frontera",2762,162,A#,49,78,64,19,0,11,4,2022-12-09,109,0
125,Feliz Cumpleaï¿½ï¿½os Fe,Feid,601863821,95,F,87,57,55,10,0,29,7,2022-08-19,110,1
126,Can't Hold Us (feat. Ray Dalton),"Ray Dalton, Ryan Lewis, Macklemore",1953533826,146,D,63,88,93,3,0,10,8,2011-08-16,111,1
128,lovely - Bonus Track,"Billie Eilish, Khalid",2355719893,115,E,35,12,30,93,0,10,3,2017-08-11,112,1
129,"Rauw Alejandro: Bzrp Music Sessions, Vol. 56","Rauw Alejandro, Bizarrap",66902503,128,B,78,59,65,10,0,26,5,2023-06-21,113,0
130,Queencard,(G)I-DLE,96273746,130,E,82,69,83,3,0,27,5,2023-05-15,114,1
131,OMG,NewJeans,430977451,127,A,80,74,77,36,0,11,4,2023-01-02,115,0
132,Radio,Lana Del Rey,284819874,150,D,42,20,86,21,0,9,9,2011-01-01,116,0
133,"Shakira: Bzrp Music Sessions, Vol. 53","Shakira, Bizarrap",721975598,122,D,78,50,63,27,0,9,5,2023-01-11,117,1
136,Trance (with Travis Scott & Young Thug),"Travis Scott, Young Thug, Metro Boomin",276259178,119,C#,75,48,53,18,0,18,34,2022-12-02,118,1
137,"Tere Vaaste (From ""Zara Hatke Zara Bachke"")","Sachin-Jigar, Shadab Faridi, Altamash Faridi, Amitabh Bhattacharya, Varun Jain",54225632,110,G,76,96,72,32,0,9,4,2023-05-22,119,1
138,Perfect,Ed Sheeran,2559529074,95,G#,60,17,45,16,0,11,2,2017-01-01,120,1
139,Romantic Homicide,d4vd,681583126,132,F#,56,20,55,45,1,32,3,2022-07-20,121,1
140,Believer,Imagine Dragons,2594040133,125,A#,77,74,78,4,0,23,11,2017-01-31,122,1
141,Novo Balanï¿½,"Veigh, Bvga Beatz, Supernova Ent, Prod Malax",81102253,124,D#,84,65,50,67,0,13,6,2023-05-19,123,0
142,"Gol Bolinha, Gol Quadrado 2","Mc Pedrinho, DJ 900",11956641,133,B,93,68,65,42,0,12,25,2023-06-01,124,0
143,Without Me,Eminem,1687664027,112,G,92,67,66,0,0,36,9,2002-01-01,125,1
145,Stargirl Interlude,"The Weeknd, Lana Del Rey",611700552,90,F,59,52,48,38,5,10,11,2016-11-24,126,1
146,Ojitos Lindos,"Bomba Estï¿½ï¿½reo, Bad B",1133865788,80,D#,65,27,69,8,0,53,4,2022-05-06,127,1
147,Somewhere Only We Know,Keane,1089402494,172,A,45,33,59,6,0,8,3,2004-01-01,128,0
148,Those Eyes,New West,411747614,120,E,60,24,35,73,0,31,3,2019-05-10,129,0
149,El Gordo Trae El Mando,Chino Pacas,255932395,140,G,74,96,80,18,0,5,5,2023-01-27,130,1
150,Mi Bello Angel,Natanael Cano,31873544,128,A,81,90,77,1,0,9,5,2023-06-30,131,0
153,Nosso Quadro,"Ana Castela, AgroPlay",233801632,160,A,69,61,71,33,0,31,20,2023-02-02,132,1
154,Locked Out Of Heaven,Bruno Mars,1481349984,144,F,73,87,70,6,0,28,5,2012-12-05,133,1
155,Un Finde | CROSSOVER #2,"Big One, FMK, Ke personajes",142095275,192,B,50,85,52,11,0,28,6,2023-04-04,134,1
157,Counting Stars,OneRepublic,2011464183,122,C#,66,48,71,6,0,12,4,2013-01-01,135,1
160,PRC,"Natanael Cano, Peso Pluma",436027885,138,G,78,89,83,10,0,12,5,2023-01-23,136,1
162,One Dance,"Drake, WizKid, Kyla",2713922350,104,C#,77,36,63,1,0,36,5,2016-04-04,137,0
163,Enchanted,Taylor Swift,621660989,164,G#,45,24,62,8,0,16,3,2010-01-01,138,1
165,Sure Thing,Miguel,950906471,81,B,68,51,60,3,0,19,10,2010-05-25,139,1
166,Every Breath You Take - Remastered 2003,The Police,1593270737,117,C#,82,73,45,54,0,7,3,1983-01-06,140,0
167,The Night We Met,Lord Huron,1410088830,174,D,45,10,37,97,25,64,4,2015-02-02,141,0
168,We Found Love,"Rihanna, Calvin Harris",1235005533,128,C#,73,60,77,3,0,11,4,2011-01-01,142,1
170,Let Me Down Slowly,Alec Benjamin,1374581173,150,C#,65,51,55,73,0,14,3,2018-05-25,143,1
171,"Am I Dreaming (Metro Boomin & A$AP Rocky, Roisee)","A$AP Rocky, Metro Boomin, Roisee",94186466,90,A,60,13,53,4,0,21,4,2023-06-02,144,1
172,Do I Wanna Know?,Arctic Monkeys,1788326445,85,F,55,42,53,17,0,22,3,2013-01-01,145,1
173,Demons,Imagine Dragons,1840364617,180,D#,33,38,71,20,0,28,5,2012-01-01,146,1
174,ýýýýýýýýýýýý,YOASOBI,143573775,166,C#,57,84,94,11,0,37,9,2023-04-12,147,1
175,Reminder,The Weeknd,684675814,160,G#,71,40,50,16,0,16,22,2016-11-25,148,1
176,Shake It Off,Taylor Swift,1113838873,160,G,65,95,80,5,0,41,16,2014-01-01,149,0
177,Why'd You Only Call Me When You're High?,Arctic Monkeys,1267333350,92,D,70,81,63,4,0,8,4,2013-01-01,150,1
179,Shape of You,Ed Sheeran,3562543890,96,C#,83,93,65,58,0,9,8,2017-01-06,151,1
182,Creep,Radiohead,1271293243,92,G,53,12,34,1,0,12,4,1992-09-21,152,1
183,Car's Outside,James Arthur,265882712,150,A,34,24,56,4,0,11,3,2019-10-18,153,1
184,Apocalypse,Cigarettes After Sex,841749534,94,F,37,17,47,2,46,11,3,2017-03-21,154,1
185,Cheques,Shubh,47956378,90,E,74,36,63,26,0,27,5,2023-05-19,155,1
186,Pink + White,Frank Ocean,806397070,160,A,54,54,55,67,0,42,11,2016-08-20,156,0
188,Just The Way You Are,Bruno Mars,1641426668,109,F,63,46,85,1,0,9,5,2010-01-01,157,0
189,Take Me To Church,Hozier,2135158446,129,E,57,41,66,63,0,12,5,2013-09-13,158,1
190,Bebe Dame,"Fuerza Regida, Grupo Frontera",367316268,157,G,54,75,60,30,0,7,5,2022-12-16,159,1
191,You Belong With Me (Taylorï¿½ï¿½ï¿½s Ve,Taylor Swift,350381515,130,F#,63,49,73,5,0,9,3,2021-04-09,160,1
192,Titi Me Preguntï¿,Bad Bunny,1264310836,107,F,65,19,72,10,0,13,25,2022-05-06,161,1
193,Better Than Revenge (Taylor's Version),Taylor Swift,30343206,146,B,50,67,89,0,0,19,8,2023-07-07,162,0
194,Shut up My Moms Calling,Hotel Ugly,405136812,139,A,48,37,41,32,0,10,10,2020-02-10,163,0
196,Es un Secreto,Plan B,540654286,95,F#,84,52,77,12,0,7,4,2010-07-20,164,1
197,POLARIS - Remix,"Feid, Mora, Saiko, Quevedo",57312735,170,G#,62,55,80,15,0,37,7,2023-06-08,165,1
198,Ditto,NewJeans,397582059,134,F#,81,18,64,3,0,10,11,2022-12-19,166,0
199,Take On Me,a-ha,1479115056,84,F#,57,86,90,2,0,9,5,1984-10-19,167,0
200,"Annihilate (Spider-Man: Across the Spider-Verse) (Metro Boomin & Swae Lee, Lil Wayne, Offset)","Swae Lee, Lil Wayne, Offset, Metro Boomin",86773632,146,B,61,20,48,21,0,12,6,2023-06-02,168,1
201,"Angel Pt 1 (feat. Jimin of BTS, JVKE & Muni Long)","Kodak Black, NLE Choppa, Muni Long, JVKE, Jimin",133753727,74,A#,53,24,67,11,0,10,28,2023-05-01,169,0
202,Acrï¿½ï¿½s,Shakira,123124076,144,B,75,35,48,84,0,10,12,2023-05-11,170,1
203,AMG,"Natanael Cano, Gabito Ballesteros, Peso Pluma",463564958,136,B,77,79,73,15,0,27,10,2022-11-24,171,1
204,"Phir Aur Kya Chahiye (From ""Zara Hatke Zara Bachke"")","Arijit Singh, Sachin-Jigar, Amitabha Bhattacharya",64533040,100,E,56,53,55,53,0,12,4,2023-05-15,172,1
205,S-Class,Stray Kids,65496046,105,F,89,67,78,9,0,7,33,2023-06-02,173,1
206,Hits Different,Taylor Swift,68616963,106,F,67,24,78,15,0,30,4,2023-05-26,174,0
207,Chanel,"Becky G, Peso Pluma",161460990,132,D,85,53,68,40,0,9,4,2023-03-30,175,1
208,Self Love (Spider-Man: Across the Spider-Verse) (Metro Boomin & Coi Leray),"Metro Boomin, Coi Leray",70106975,120,A,78,5,30,21,0,13,5,2023-06-02,176,1
209,Area Codes,"Kaliii, Kaliii",113509496,155,C#,82,51,39,2,0,9,49,2023-03-17,177,1
210,Abcdario,"Junior H, Eden Muï¿½ï",89933133,129,G#,70,42,43,78,0,11,3,2023-05-13,178,1
211,Obsessed,"Abhijay Sharma, Riar Saab",71007139,135,F,80,85,74,62,0,8,9,2022-09-29,179,1
212,Piï¿½ï¿½man Deï¿,"Semicenk, Doï¿½ï¿½u ",43522589,98,A#,73,45,62,28,0,13,13,2023-06-02,180,0
213,FLOWER,JISOO,232896922,124,A,84,64,39,3,0,11,4,2023-03-31,181,1
214,"All The Way Live (Spider-Man: Across the Spider-Verse) (Metro Boomin & Future, Lil Uzi Vert)","Future, Lil Uzi Vert, Metro Boomin",37126685,135,A,77,28,55,18,0,22,15,2023-06-02,182,1
215,Eyes Closed,Ed Sheeran,195576623,107,D,78,39,53,30,0,11,6,2023-03-23,183,1
216,Escapism.,"RAYE, 070 Shake",532336353,96,D,54,25,74,14,0,9,11,2022-10-12,184,0
217,La Jumpa,"Arcangel, Bad Bunny",538115192,123,G#,71,58,70,30,0,32,19,2022-11-30,185,1
218,Karma (feat. Ice Spice),"Taylor Swift, Ice Spice",46142772,90,G#,62,7,62,6,0,58,6,2023-05-26,186,1
219,Superhero (Heroes & Villains) [with Future & Chris Brown],"Future, Chris Brown, Metro Boomin",401036314,117,F,72,45,59,14,0,20,21,2022-12-02,187,0
220,Las Morras,"BLESSD, Peso Pluma",127026613,133,A,78,90,84,31,0,7,4,2023-04-04,188,1
221,CHORRITO PA LAS ANIMAS,Feid,345031710,96,G#,74,61,83,11,0,35,6,2022-12-02,189,0
222,Ch y la Pizza,"Fuerza Regida, Natanael Cano",288101651,149,G#,66,85,60,40,0,14,13,2022-12-01,190,1
223,Snow On The Beach (feat. More Lana Del Rey),"Lana Del Rey, Taylor Swift",60350538,110,F#,66,32,40,81,0,11,3,2023-05-26,191,1
224,Players,Coi Leray,335074782,105,F#,95,62,52,3,0,5,16,2022-11-30,192,1
225,Bite Me,ENHYPEN,76767396,105,C#,80,69,78,28,0,11,14,2023-05-22,193,1
226,Stand By Me (feat. Morgan Wallen),"Lil Durk, Morgan Wallen",46065667,134,B,76,61,58,6,0,16,3,2023-05-26,194,1
227,Normal,Feid,459276435,170,E,71,59,56,4,0,27,12,2022-07-08,195,1
228,Hummingbird (Metro Boomin & James Blake),"James Blake, Metro Boomin",39666245,81,F#,59,26,60,46,1,25,13,2023-06-02,196,1
229,Seu Brilho Sumiu - Ao Vivo,"Israel & Rodolffo, Mari Fernandez",138517666,154,F#,63,75,92,31,0,91,5,2023-03-01,197,1
230,Bad Habit,Steve Lacy,822633917,169,C#,69,69,51,63,0,38,4,2022-06-29,198,1
231,CUFF IT,Beyoncï¿,595900742,115,G,78,64,69,4,0,7,14,2022-07-29,199,1
232,Lilith (feat. SUGA of BTS) (Diablo IV Anthem),"Halsey, Suga",51985779,84,A,43,14,74,1,0,19,8,2023-06-05,200,0
233,69,"Nicky Jam, Feid",57945987,93,G#,79,58,62,11,0,11,23,2023-05-18,201,0
234,Niï¿½ï¿½a Bo,"Sean Paul, Feid",115010040,91,G,82,47,62,10,0,10,15,2023-04-21,202,1
235,Search & Rescue,Drake,175097833,142,A#,82,54,44,6,0,33,7,2023-04-07,203,1
236,AMERICA HAS A PROBLEM (feat. Kendrick Lamar),"Kendrick Lamar, Beyoncï¿",57089066,126,C#,78,20,70,1,0,16,4,2023-05-19,204,0
237,Lavender Haze,Taylor Swift,488386797,97,A#,73,10,44,26,0,16,8,2022-10-21,205,1
238,"Link Up (Metro Boomin & Don Toliver, Wizkid feat. BEAM & Toian) - Spider-Verse Remix (Spider-Man: Across the Spider-Verse )","WizKid, Toian, Metro Boomin, Don Toliver, Beam",32761689,101,F,92,59,51,41,51,26,8,2023-06-02,206,1
239,Efecto,Bad Bunny,1047480053,98,G,80,23,48,14,0,6,5,2022-05-06,207,0
240,Erro Gostoso - Ao Vivo,Simone Mendes,153454328,154,F#,59,63,89,18,0,80,9,2023-01-27,208,1
241,Cupido,Tini,217672943,120,A,91,63,58,52,0,31,22,2023-02-14,209,0
242,Just Wanna Rock,Lil Uzi Vert,457184829,150,B,49,4,55,7,0,6,3,2022-10-17,210,1
244,Until I Found You,Stephen Sanchez,726434358,202,A#,34,25,51,69,0,18,4,2021-09-01,211,0
245,Rich Flex,"Drake, 21 Savage",573633020,153,B,56,42,52,5,0,36,24,2022-11-04,212,1
246,Easy On Me,Adele,1406111294,142,F,60,13,37,58,0,13,3,2021-10-14,213,1
247,Cartï¿½ï¿½o B,"MC Caverinha, KayBlack",71573339,108,A,84,55,47,26,0,20,64,2023-05-11,214,0
248,Danger (Spider) (Offset & JID),"Offset, JID",24975653,143,B,83,25,69,4,0,23,12,2023-06-02,215,1
249,Oi Balde - Ao Vivo,Zï¿½ï¿½ Neto & Crist,145458418,108,D,67,55,67,60,0,80,5,2023-02-14,216,1
250,The Real Slim Shady,Eminem,1424589568,104,F,95,78,66,3,0,4,6,2000-01-01,217,1
251,MERCHO,"Migrantes, LiL CaKe, Nico Valdi",231332117,93,F#,84,96,79,43,0,18,11,2022-12-16,218,1
252,The Color Violet,Tory Lanez,415932686,105,F#,65,46,53,16,0,9,5,2021-12-10,219,0
253,Glimpse of Us,Joji,988515741,170,G#,44,27,32,89,0,14,5,2022-06-10,220,1
254,Mejor Que Yo,"Mambo Kingz, DJ Luian, Anuel Aa",50847624,178,C#,62,56,66,18,0,12,5,2023-05-04,221,1
255,Curtains,Ed Sheeran,39893489,176,F#,50,44,76,10,0,32,5,2023-05-05,222,0
256,UNFORGIVEN (feat. Nile Rodgers),"Nile Rodgers, LE SSERAFIM",92035115,104,E,80,38,88,11,0,11,5,2023-05-01,223,1
257,Haegeum,Agust D,118810253,85,G,70,83,84,31,0,47,30,2023-04-21,224,1
258,Conexï¿½ï¿½es de Mï¿½ï¿½fia (feat. Rich ,"Rich The Kid, Matuï¿",77233241,117,F#,77,69,58,39,0,26,5,2023-04-30,225,1
260,Never Felt So Alone,Labrinth,117747907,98,F,44,36,41,50,0,38,5,2023-04-07,226,1
261,X SI VOLVEMOS,"Karol G, Romeo Santos",266624541,178,C#,79,58,78,34,0,11,25,2023-02-02,227,1
262,ceilings,Lizzy McAlpine,293186992,148,A,51,27,33,48,0,22,3,2022-04-08,228,1
263,Cupid,Fifty Fifty,139681964,120,D,77,94,66,65,0,38,3,2023-02-24,229,1
264,I AM,IVE,123132751,122,E,68,38,88,1,0,8,5,2023-04-10,230,1
265,Cupid ï¿½ï¿½ï¿½ Twin Ver. (FIFTY FIFTY) ï¿½ï¿½ï¿½ Spe,sped up 8282,103762518,144,F,74,75,73,42,0,9,4,1997-01-01,231,0
266,Shorty Party,"Cartel De Santa, La Kelly",162887075,96,D,93,47,47,33,0,10,36,2023-03-04,232,1
267,Super,SEVENTEEN,91221625,137,G#,77,35,88,16,0,17,9,2023-04-24,233,1
268,Slut Me Out,NLE Choppa,190490915,121,F#,94,71,61,12,0,53,42,2022-04-22,234,1
269,Double Fantasy (with Future),"The Weeknd, Future",96180277,119,A,60,10,57,1,0,50,3,2023-04-21,235,1
270,All Of The Girls You Loved Before,Taylor Swift,185240616,96,D,72,40,47,71,0,13,4,2019-08-23,236,0
271,PROVENZA,Karol G,885093467,111,C#,87,53,52,66,1,11,5,2022-04-21,237,1
272,Princess Diana (with Nicki Minaj),"Nicki Minaj, Ice Spice",104992946,148,A,90,74,68,14,0,10,19,2023-04-14,238,1
273,Di Que Si,"Grupo Marca Registrada, Grupo Frontera",147290338,182,A,57,80,59,8,0,6,5,2023-02-03,239,1
275,Igualito a Mi Apï¿,"Fuerza Regida, Peso Pluma",158950978,145,E,76,80,81,19,0,6,9,2022-12-30,240,1
276,Shoong! (feat. LISA of BLACKPINK),"TAEYANG, Lisa",76910644,110,B,76,26,70,1,0,41,6,2023-04-25,241,0
277,Komang,Raim Laode,137123880,134,G,70,35,41,41,0,10,3,2022-08-16,242,1
278,DESPECHï¿,ROSALï¿½,782369383,130,G,92,78,62,18,0,6,10,2022-07-28,243,1
279,Made You Look,Meghan Trainor,502574952,145,A#,84,88,53,35,0,8,7,2022-10-21,244,0
280,Watch This - ARIZONATEARS Pluggnb Remix,"sped up nightcore, ARIZONATEARS, Lil Uzi Vert",207033255,130,B,69,36,90,1,10,15,4,2023-02-05,245,0
282,Punto G,Quevedo,381161027,92,B,75,55,76,25,0,10,15,2022-11-04,246,1
283,Lovers Rock,TV Girl,466231982,105,F,56,57,87,0,1,10,4,2014-06-05,247,1
284,METAMORPHOSIS,INTERWORLD,357580552,175,G,59,15,64,43,90,12,10,2021-11-25,248,1
285,Mami Chula,"Quevedo, Jhayco",61105704,120,G,80,33,70,22,0,9,4,2023-04-27,249,1
286,En Paris,"El Chachito, Junior H",198275403,139,D#,70,77,48,37,0,12,5,2022-12-24,250,1
288,I Was Never There,"The Weeknd, Gesaffelstein",705469769,114,A#,32,17,74,14,0,17,3,2018-03-29,251,0
289,Don't ever say love me (feat. RM of BTS),"RM, Colde",34502215,145,B,54,19,48,36,0,37,5,2023-05-04,252,1
291,Gato de Noche,"Nengo Flow, Bad Bunny",304118600,94,G#,89,61,66,17,0,36,16,2022-12-22,253,0
292,Call Out My Name,The Weeknd,1449799467,134,C#,45,17,60,21,0,33,4,2018-03-29,254,1
293,Like Crazy (English Version),Jimin,173627354,120,G,62,32,76,0,0,39,4,2023-03-24,255,1
294,Rosa Pastel,"Jasiel Nuï¿½ï¿½ez, Peso P",90025258,123,G,70,86,68,24,0,11,4,2023-02-02,256,1
295,Sunroof,"Nicky Youre, Dazy",652704649,131,A#,77,84,71,35,0,15,4,2021-12-03,257,1
296,Lose Yourself - Soundtrack Version,Eminem,1829992958,171,D,70,6,73,1,0,36,26,2002-01-01,258,0
297,Superman,"Eminem, Dina Rae",655466831,130,E,80,64,76,2,0,20,6,2002-05-26,259,0
298,Mas Rica Que Ayer,"Mambo Kingz, DJ Luian, Anuel Aa",146409671,94,B,82,53,67,34,0,9,8,2023-03-02,260,0
299,People Pt.2 (feat. IU),"IU, Agust D",95816024,89,G,73,44,57,39,0,32,6,2023-04-07,261,1
300,REMIX EXCLUSIVO,Feid,117206995,87,F,65,71,56,4,0,15,20,2023-03-17,262,1
301,"Arcï¿½ï¿½ngel: Bzrp Music Sessions, Vol","Arcangel, Bizarrap",100409613,124,B,72,79,78,55,0,15,30,2023-03-22,263,1
302,DOGTOOTH,"Tyler, The Creator",80758350,78,G#,71,80,65,51,0,22,32,2023-03-27,264,0
303,10:35,"Tiï¿½ï¿½sto, Tate M",325592432,120,G#,70,70,79,7,0,18,10,2022-11-01,265,1
304,SORRY NOT SORRY,"Tyler, The Creator",58473276,96,F#,48,50,80,40,0,37,20,2023-03-31,266,1
305,HAPPY,NF,52722996,106,G,73,22,86,31,0,12,4,2023-03-25,267,1
306,La Bebe,Yng Lvcas,191945597,170,D,78,75,46,62,0,12,35,2021-12-24,268,1
307,I Know - PR1SVX Edit,"Kanii, PR1ISVX",77377503,134,B,67,11,76,8,47,30,7,2023-03-24,269,1
308,Late Night Talking,Harry Styles,743693613,115,A#,71,90,73,30,0,11,5,2022-05-20,270,1
309,Leï¿½,Marï¿½ï¿½lia Mendo,267789608,130,F#,74,79,87,45,0,30,3,2022-12-09,271,1
311,Something in the Orange,Zach Bryan,449701773,110,G,59,22,38,42,0,12,3,2022-04-22,272,0
312,VOID,Melanie Martinez,67070410,100,A,72,42,66,18,4,19,4,2023-03-29,273,1
313,Dijeron Que No La Iba Lograr,"Fuerza Regida, Chino Pacas",116334601,142,G,70,76,79,26,0,11,7,2023-03-14,274,0
315,If We Ever Broke Up,Mae Stephens,165584767,116,G,90,96,73,62,0,9,4,2023-02-10,275,1
316,You Proof,Morgan Wallen,367814306,120,A,73,64,85,25,0,61,3,2022-05-13,276,1
317,LA INOCENTE,"Feid, Mora",477033549,92,F,76,46,79,31,0,7,6,2022-04-01,277,0
318,Malas Decisiones,Kenia OS,156214700,110,G#,81,64,79,5,0,31,3,2022-10-26,278,0
319,Murder In My Mind,Kordhell,448843705,120,A#,71,57,97,1,0,13,11,2022-01-21,279,1
321,CAIRO,"Karol G, Ovy On The Drums",294352144,115,F,95,43,69,47,0,9,31,2022-11-13,280,1
322,I Love You So,The Walters,972164968,76,A#,58,46,67,65,0,13,4,2014-11-28,281,1
323,Dark Red,Steve Lacy,920045682,172,F#,60,77,78,45,0,12,6,2017-02-20,282,0
324,Say You Won't Let Go,James Arthur,2420461338,99,A#,40,45,56,69,0,9,5,2016-09-09,283,1
326,Heart To Heart,Mac DeMarco,244658767,150,G#,90,64,14,67,35,11,10,2019-05-10,284,1
327,Peaches (from The Super Mario Bros. Movie),Jack Black,68216992,92,A#,71,41,31,79,0,10,5,2023-04-07,285,1
328,Marisola - Remix,"Duki, NICKI NICOLE, Cris Mj, Standly, Stars Music Chile",223582566,95,C#,77,72,87,17,0,7,5,2022-12-15,286,1
329,LOKERA,"Brray, Rauw Alejandro, Lyanno",471819764,102,B,83,58,83,21,0,10,5,2022-07-25,287,1
331,Numb,Linkin Park,1361425037,110,A,50,24,86,0,0,64,4,2003-03-24,288,1
333,on the street (with J. Cole),"j-hope, J. Cole",116599790,94,B,68,81,82,53,0,9,13,2023-03-03,289,0
334,One Thing At A Time,Morgan Wallen,148469433,142,G,61,92,91,0,0,26,3,2022-12-02,290,1
335,Miss You,"Robin Schulz, Oliver Tree",497225336,145,F#,59,20,74,1,0,15,5,2022-08-05,291,1
336,Ainï¿½ï¿½ï¿½t Tha,Morgan Wallen,88791109,121,F#,64,67,80,0,0,36,3,2023-03-03,292,1
337,Thinkinï¿½ï¿½ï¿½ B,Morgan Wallen,125917280,140,D#,66,43,76,49,0,12,3,2023-03-03,293,1
338,Private Landing (feat. Justin Bieber & Future),"Don Toliver, Future, Justin Bieber",105062254,137,C#,84,44,67,8,0,11,6,2023-02-23,294,1
339,Everything I Love,Morgan Wallen,95623148,104,G#,56,72,85,0,0,15,3,2023-01-31,295,1
340,Heaven,Niall Horan,144584800,92,F,57,68,76,7,0,33,3,2023-02-17,296,1
341,LET GO,Central Cee,298063749,146,D,74,51,45,86,0,21,38,2022-12-15,297,0
342,Sial,Mahalini,166570053,120,D,56,20,43,89,0,12,4,2023-01-23,298,1
343,I Wrote The Book,Morgan Wallen,83021468,144,D,68,83,81,9,0,8,4,2023-01-31,299,1
344,"Apna Bana Le (From ""Bhediya"")","Arijit Singh, Sachin-Jigar",139836056,94,A,59,44,56,80,0,6,3,2022-11-05,300,1
345,SPIT IN MY FACE!,ThxSoMch,303216294,94,G#,73,65,79,5,2,11,6,2022-10-31,301,1
346,PLAYA DEL INGLï¿½,"Myke Towers, Quevedo",221409663,113,G,79,66,74,8,0,11,5,2022-12-15,302,1
347,Man Made A Bar (feat. Eric Church),"Morgan Wallen, Eric Church",58890931,148,E,50,49,76,12,0,12,3,2023-03-03,303,1
348,Red Ruby Da Sleeze,Nicki Minaj,81419389,98,C#,70,29,73,12,0,11,26,2023-03-03,304,1
349,Kahani Suno 2.0,Kaifi Khalil,156777415,140,B,58,26,38,91,0,10,4,2022-05-31,305,1
350,Nobody Gets Me,SZA,284908316,100,G,36,28,28,81,0,18,3,2022-12-09,306,1
351,PERO Tï¿,"Karol G, Quevedo",93438910,140,F#,86,68,79,39,0,11,29,2023-02-23,307,1
352,Hype Boy,NewJeans,363472647,100,E,59,78,94,27,0,29,23,2022-08-01,308,1
353,Bloody Mary,Lady Gaga,372476382,100,A,59,49,65,2,0,13,3,2011-01-01,309,1
355,ýýý98 Braves,Morgan Wallen,56533272,142,D,49,48,67,10,0,26,3,2023-03-03,310,1
356,WANDA,Quevedo,175399345,176,E,72,96,63,25,0,21,7,2023-01-20,311,1
357,Thought You Should Know,Morgan Wallen,203221468,140,F#,53,51,70,49,0,14,3,2022-05-06,312,1
358,In The End,Linkin Park,1624165576,105,D#,55,40,90,1,0,32,6,2000-10-24,313,1
359,Zona De Perigo,Leo Santana,134294498,135,F,81,97,77,75,0,35,3,2022-12-08,314,1
360,Lovezinho,Treyce,70069745,128,E,82,61,59,30,0,12,4,2022-07-28,315,1
361,I Like You (A Happier Song) (with Doja Cat),"Post Malone, Doja Cat",609293408,101,F,74,43,69,12,0,12,7,2022-06-03,316,1
362,Neverita,Bad Bunny,671365962,122,A#,88,43,50,7,0,14,5,2022-05-06,317,1
364,Sem Alianï¿½ï¿½a no ,"MC Xenon, Os Gemeos da Putaria",93587665,83,C#,53,40,36,73,0,11,33,2022-12-23,318,1
365,Enemy (with JID) - from the series Arcane League of Legends,"Imagine Dragons, League of Legends, JID, Arcane",1223481149,77,B,72,59,76,24,0,42,28,2021-09-03,319,0
366,Revenge,XXXTENTACION,1022258230,140,B,75,18,25,78,0,11,26,2017-08-25,320,0
367,Bombonzinho - Ao Vivo,"Israel & Rodolffo, Ana Castela",263453310,158,C#,65,72,95,31,0,92,5,2022-11-03,321,1
368,LA CANCIï¿½,"J Balvin, Bad Bunny",1435127549,176,G,75,43,65,15,0,11,32,2019-06-28,322,0
369,Quï¿½ï¿½ Ago,"Yuridia, Angela Aguilar",236857112,98,B,73,88,57,56,0,5,2,2022-10-20,323,1
370,Love Again,The Kid Laroi,147538971,107,B,66,47,40,72,0,11,3,2023-01-27,324,1
371,After Hours,The Weeknd,698086140,109,F,66,16,57,10,1,12,3,2020-02-19,325,1
372,About Damn Time,Lizzo,723894473,109,A#,84,72,74,10,0,34,7,2022-07-15,326,1
374,ýýýýýýýýýýýýýýýýýýýýý,Fujii Kaze,403097450,158,F#,60,52,76,17,0,19,5,2020-05-20,327,1
375,Besos Moja2,"Wisin & Yandel, ROSALï¿½",309483971,94,F,74,64,73,6,0,10,6,2022-09-29,328,1
376,Maan Meri Jaan,King,319566866,96,F#,70,40,51,35,0,10,4,2022-10-12,329,1
377,Moscow Mule,Bad Bunny,909001996,100,F,80,29,67,29,0,12,3,2022-05-06,330,1
378,My Universe,"Coldplay, BTS",1061966512,105,A,58,42,68,1,0,14,4,2021-09-24,331,1
380,LLYLM,ROSALï¿½,124988687,170,F#,56,56,63,13,0,19,27,2023-01-27,332,1
382,TRUSTFALL,P!nk,134255790,122,G#,64,25,89,0,0,15,9,2023-01-27,333,1
383,ANTIFRAGILE,LE SSERAFIM,301051721,105,A#,88,82,80,8,0,11,8,2022-10-17,334,1
384,Boy's a liar,PinkPantheress,156338624,133,F,66,74,84,25,0,21,4,2022-11-30,335,1
386,Shirt,SZA,309653982,120,D#,82,55,45,15,3,9,10,2022-10-28,336,1
387,Lift Me Up - From Black Panther: Wakanda Forever - Music From and Inspired By,Rihanna,297328960,177,A,25,17,30,90,0,13,3,2022-10-28,337,1
388,STAR WALKIN' (League of Legends Worlds Anthem),Lil Nas X,332506354,142,D,64,31,72,15,0,9,5,2022-09-22,338,1
389,"Sex, Drugs, Etc.",Beach Weather,480507035,144,E,57,47,84,1,1,52,4,2016-11-04,339,1
390,Boy With Luv (feat. Halsey),"Halsey, BTS",1065580332,120,B,65,80,86,9,0,19,10,2019-04-12,340,1
391,"Hey, Mickey!",Baby Tate,122763672,135,D,92,73,51,55,0,15,6,2016-09-27,341,1
393,Jhoome Jo Pathaan,"Arijit Singh, Vishal Dadlani, Sukriti Kakar, Vishal-Shekhar, Shekhar Ravjiani, Kumaar",1365184,105,G,82,62,74,10,0,33,7,2022-12-22,342,1
394,Escapism. - Sped Up,"RAYE, 070 Shake",184308753,108,F#,44,38,77,9,0,9,20,2022-11-25,343,1
397,Te Felicito,"Shakira, Rauw Alejandro",606361689,174,F,70,57,64,23,0,8,32,2022-04-21,344,0
398,Muï¿½ï¿½,"Steve Aoki, Tini, La Joaqui",120972253,90,A#,68,83,71,3,0,31,8,2023-01-12,345,1
399,TV,Billie Eilish,338564981,141,E,41,9,25,84,1,14,4,2022-07-21,346,1
400,I'm Not The Only One,Sam Smith,1606986953,82,F,68,50,49,56,0,8,4,2014-01-01,347,1
401,Heather,Conan Gray,1301799902,92,F,47,25,43,62,0,32,3,2020-03-20,348,1
402,"Besharam Rang (From ""Pathaan"")","Vishal-Shekhar, Shilpa Rao, Caralisa Monteiro, Kumaar, Vishal Dadlani, Shekhar Ravjiani",140187018,116,G#,77,65,80,6,0,15,4,2022-12-12,349,1
404,Sugar Rush Ride,TOMORROW X TOGETHER,107642809,125,A#,71,83,89,1,0,17,9,2023-01-27,350,0
406,WAIT FOR U (feat. Drake & Tems),"Drake, Future, Tems",556585270,83,C#,46,34,64,31,0,7,34,2022-04-27,351,1
407,Don't Start Now,Dua Lipa,2303033973,124,B,79,68,79,1,0,10,8,2019-10-31,352,1
408,After Dark,Mr.Kitty,646886885,140,G#,58,4,60,7,41,8,3,2014-08-08,353,1
411,MIDDLE OF THE NIGHT,Elley Duhï¿,872137015,186,E,41,9,61,2,0,12,5,2020-01-10,354,1
412,Atlantis,Seafret,571386359,166,G#,40,23,48,5,0,12,3,2015-04-22,355,0
414,Evoque Prata,"DJ Escobar, MC MENOR SG, MC MENOR HR",174006928,87,G,87,52,52,31,0,28,24,2022-09-09,356,1
415,How Do I Say Goodbye,Dean Lewis,284785823,82,G#,40,39,64,21,0,7,7,2022-08-05,357,1
416,Blind,SZA,163284000,114,A,46,60,28,91,0,21,4,2022-12-09,358,1
417,Die For You,Joji,246390068,148,G#,47,15,52,38,13,29,5,2022-11-04,359,1
418,Doja,Central Cee,482257456,140,F#,91,97,57,38,0,40,29,2022-07-20,360,1
419,Gatita,Bellakath,168684524,101,G,90,76,81,15,24,33,6,2022-10-03,361,0
420,Rumble,"Skrillex, Flowdan, Fred again..",78489819,140,C#,81,6,84,5,23,6,6,2022-01-17,362,1
421,Niagara Falls (Foot or 2) [with Travis Scott & 21 Savage],"Travis Scott, 21 Savage, Metro Boomin",195516622,88,G,49,24,66,19,0,18,29,2022-12-02,363,1
422,Yonaguni,Bad Bunny,1260594497,180,C#,64,44,65,28,0,14,12,2021-06-04,364,1
423,Super Freaky Girl,Nicki Minaj,428685680,133,D,95,91,89,6,0,31,24,2022-08-12,365,1
424,Running Up That Hill (A Deal With God),Kate Bush,1024858327,108,A#,63,20,55,72,0,6,6,1985-09-16,366,1
425,Dream On,Aerosmith,838586769,80,F,39,24,43,39,0,23,3,1973-01-05,367,0
426,Limbo,Freddie Dredd,199386237,75,B,80,46,62,3,6,11,46,2022-08-11,368,1
427,Where Are You Now,"Lost Frequencies, Calum Scott",972509632,121,F#,67,26,64,52,0,17,10,2021-07-30,369,0
428,WORTH NOTHING,"Twisted, Oliver Tree",213438580,140,D,58,17,62,18,0,20,8,2022-09-28,370,1
430,KICK BACK,Kenshi Yonezu,210038833,102,C#,58,29,94,0,0,9,11,2022-10-12,371,1
431,Evergreen (You Didnï¿½ï¿½ï¿½t Deserve Me A,Omar Apollo,227918678,82,A,70,31,34,60,1,11,4,2022-04-08,372,1
432,Good Days,SZA,826623384,121,C#,46,53,78,23,0,72,6,2020-12-24,373,0
433,Levitating (feat. DaBaby),"Dua Lipa, DaBaby",1802514301,103,F#,70,92,83,1,0,7,6,2020-03-27,374,1
435,Shut up My Moms Calling - (Sped Up),Hotel Ugly,181831132,85,F,65,36,47,31,0,12,10,2022-09-14,375,0
436,Ferrari,"James Hype, Miggy Dela Rosa",462791599,125,C#,84,70,69,1,0,5,5,2022-03-14,376,1
437,"You're On Your Own, Kid",Taylor Swift,348647203,120,D,69,40,39,41,0,13,6,2022-10-21,377,1
439,Agudo Mï¿½ï¿½gi,"Styrx, utku INC, Thezth",90598517,130,F#,65,49,80,22,4,7,5,1930-01-01,378,1
445,It's Beginning To Look A Lot Like Christmas,Michael Bublï¿,807561936,93,E,35,38,23,91,0,29,3,2011-10-14,379,1
447,It's the Most Wonderful Time of the Year,Andy Williams,663832097,202,G,24,76,60,77,0,12,4,1963-10-14,380,1
448,Let It Snow! Let It Snow! Let It Snow!,Dean Martin,446390129,134,C#,45,72,24,91,0,18,4,1959-11-16,381,1
450,Underneath the Tree,Kelly Clarkson,485285717,160,G#,51,69,81,0,0,21,5,2013-10-25,382,0
451,Feliz Navidad,Josï¿½ï¿½ Felic,520034544,148,D,50,96,82,47,0,34,4,1970-11-01,383,1
452,Holly Jolly Christmas,Michael Bublï¿,476244795,151,G,65,70,47,87,0,9,4,2011-10-14,384,1
453,Mistletoe,Justin Bieber,629173063,162,F#,67,88,54,51,0,9,4,2011-01-01,385,0
454,Sleigh Ride,The Ronettes,404664135,92,D,53,84,77,40,0,32,3,1963-11-22,386,1
455,Seek & Destroy,SZA,98709329,152,C#,65,35,65,44,18,21,7,2022-12-09,387,0
456,Love Language,SZA,110849052,65,A,71,55,26,85,0,13,8,2022-12-09,388,1
457,Happy Xmas (War Is Over),"John Lennon, The Harlem Community Choir, The Plastic Ono Band, Yoko Ono",460492795,147,D,33,39,61,32,0,77,3,1971-12-01,389,0
458,Used (feat. Don Toliver),"SZA, Don Toliver",94005786,150,A#,73,71,69,53,0,32,9,2022-12-08,390,1
460,The Christmas Song (Merry Christmas To You) - Remastered 1999,Nat King Cole,389771964,139,C#,36,22,15,84,0,11,4,1946-11-01,391,1
461,Wonderful Christmastime - Edited Version / Remastered 2011,Paul McCartney,403939487,95,B,75,74,58,36,0,9,3,1979-11-16,392,1
463,Ghost in the Machine (feat. Phoebe Bridgers),"SZA, Phoebe Bridgers",110073250,125,F#,62,59,43,84,3,11,5,2022-12-09,393,0
465,Merry Christmas Everyone,Shakin' Stevens,351636786,101,C#,72,91,87,14,0,13,3,1984-01-01,394,1
466,Let It Snow! Let It Snow! Let It Snow!,"Frank Sinatra, B. Swanson Quartet",473248298,143,D,60,86,32,88,0,34,6,1950-01-01,395,1
467,SOS,SZA,73981293,119,G,51,51,66,67,0,9,23,2022-12-09,396,0
468,Open Arms (feat. Travis Scott),"SZA, Travis Scott",155653938,78,A,67,22,59,76,1,15,16,2022-12-08,397,1
469,White Christmas,"Bing Crosby, John Scott Trotter & His Orchestra, Ken Darby Singers",395591396,96,A,23,19,25,91,0,40,3,1942-01-01,398,1
470,Driving Home for Christmas - 2019 Remaster,Chris Rea,429504768,180,A,51,87,58,36,0,18,4,1986-01-01,399,1
471,Christmas (Baby Please Come Home),Darlene Love,242767149,126,D#,34,35,76,39,0,8,5,1963-11-22,400,1
472,Gone Girl,SZA,65362788,150,F,43,42,44,57,0,15,6,2022-12-09,401,0
473,F2F,SZA,67540165,90,D,53,47,74,9,0,34,4,2022-12-09,402,1
474,Notice Me,SZA,62019074,160,F,72,78,68,28,0,11,12,2022-12-09,403,1
476,It's Beginning to Look a Lot Like Christmas (with Mitchell Ayres & His Orchestra),"Perry Como, The Fontane Sisters, Mitchell Ayres & His Orchestra",295998468,113,G,73,72,32,77,0,15,5,1958-01-01,404,0
478,Antidepresan,"Mabel Matiz, Mert Demir",136689549,100,B,70,92,59,3,0,10,3,2022-11-04,405,1
479,Wild Flower (with youjeen),RM,135611421,155,G#,49,42,77,3,0,12,9,2022-12-02,406,1
480,I Hate U,SZA,356709897,107,G,54,41,39,51,0,11,16,2021-12-03,407,0
481,Raindrops (Insane) [with Travis Scott],"Travis Scott, Metro Boomin",110649992,112,G#,80,15,54,9,0,38,5,2022-12-02,408,1
482,SPIT IN MY FACE!,ThxSoMch,301869854,166,C#,70,57,57,9,20,11,7,2022-10-31,409,1
483,Deck The Hall - Remastered 1999,Nat King Cole,127027715,107,F#,69,96,36,81,0,8,4,1959-01-01,410,1
484,Smoking on my Ex Pack,SZA,57144458,81,G#,47,33,68,24,0,22,38,2022-12-09,411,1
485,Conceited,SZA,56870689,150,C#,79,77,46,5,0,11,7,2022-12-09,412,1
486,Snow On The Beach (feat. Lana Del Rey),"Taylor Swift, Lana Del Rey",323437194,110,A,66,19,32,69,0,12,4,2022-10-21,413,1
487,Maroon,Taylor Swift,317726339,108,G,64,4,40,6,0,10,6,2022-10-21,414,0
488,Tubarï¿½ï¿½o Te,"Dj LK da Escï¿½ï¿½cia, Tchakabum, mc jhenny, M",116144341,130,E,89,48,74,30,0,7,36,2022-09-28,415,0
489,Bejeweled,Taylor Swift,328207708,164,G,70,39,56,6,0,9,7,2022-10-21,416,0
490,Tarot,"Bad Bunny, Jhay Cortez",608228647,114,B,80,42,68,2,0,66,4,2022-05-06,417,1
491,You Make It Feel Like Christmas (feat. Blake Shelton),"Gwen Stefani, Blake Shelton",180577478,93,F,63,93,88,1,0,12,4,2005-09-20,418,0
492,Desesperados,"Chencho Corleone, Rauw Alejandro",809306935,90,C#,87,51,69,36,0,9,8,2021-06-25,419,1
493,Too Late,SZA,49262961,128,B,45,35,68,78,0,39,8,2022-12-08,420,0
494,Party,"Bad Bunny, Rauw Alejandro",614555082,97,A,83,47,80,2,0,24,9,2022-05-06,421,0
495,Run Rudolph Run - Single Version,Chuck Berry,245350949,152,G,69,94,71,79,0,7,8,1958-01-01,422,0
496,Jingle Bells - Remastered 1999,Frank Sinatra,178660459,175,G#,51,94,34,73,0,10,5,1957-01-01,423,1
497,Far,SZA,51641685,116,D,61,48,55,67,0,16,8,2022-12-09,424,0
498,On Time (with John Legend),"John Legend, Metro Boomin",78139948,80,F,33,51,59,76,0,44,6,2022-12-02,425,0
499,GATï¿½ï¿½,"Maldy, Karol G",322336177,93,B,63,34,86,26,0,21,39,2022-08-25,426,0
502,Is There Someone Else?,The Weeknd,391251368,135,A,70,60,58,4,0,16,3,2022-01-07,427,1
503,Fingers Crossed,"Lauren Spencer Smith, Lauren Spencer Smith, Lauren Spencer Smith",349585590,109,F,60,45,47,62,0,31,5,2022-01-05,428,1
505,Do It To It,"Cherish, ACRAZE",674772936,125,B,85,64,81,2,5,7,9,2021-08-20,429,1
508,How Do I Make You Love Me?,The Weeknd,119238316,121,G,80,62,51,2,0,9,8,2022-01-07,430,1
509,Gasoline,The Weeknd,116903579,123,F#,74,35,73,0,0,21,5,2022-01-07,431,1
510,Infinity,Jaymes Young,888046992,122,B,67,50,67,15,0,30,4,2017-06-23,432,1
512,Take My Breath,The Weeknd,130655803,121,A#,70,35,77,1,0,26,4,2021-08-06,433,1
514,"Here We Goï¿½ï¿½ï¿½ Again (feat. Tyler, the Cr","The Weeknd, Tyler, The Creator",88103848,135,C#,41,27,64,36,0,60,3,2022-01-07,434,0
515,Best Friends,The Weeknd,101114984,87,E,49,49,59,44,0,35,21,2022-01-07,435,0
516,Kiss Me More (feat. SZA),"SZA, Doja Cat",1575467011,111,G#,77,74,66,30,0,13,3,2021-04-09,436,1
517,I Heard You're Married (feat. Lil Wayne),"The Weeknd, Lil Wayne",91656026,110,D,75,85,84,10,0,31,19,2022-01-07,437,1
521,Dawn FM,The Weeknd,53933526,78,A,27,10,49,62,0,49,5,2022-01-07,438,1
522,Surface Pressure,Jessica Darrow,267758538,180,D,65,37,58,2,0,4,31,2021-11-19,439,0
523,Starry Eyes,The Weeknd,74601456,86,A,28,13,41,50,0,19,3,2022-01-07,440,1
524,THATS WHAT I WANT,Lil Nas X,920797189,88,C#,74,55,85,1,0,5,22,2021-09-17,441,1
525,One Right Now (with The Weeknd),"The Weeknd, Post Malone",539595276,97,C#,68,72,78,4,0,7,5,2021-11-05,442,1
526,Beggin,Mï¿½ï¿½ne,1367810478,134,B,71,59,80,13,0,36,5,2017-12-08,443,1
527,Mon Amour - Remix,"Aitana, zzoilo",578207856,116,D,75,36,76,12,0,10,10,2020-09-21,444,1
528,Lo Siento BB:/ (with Bad Bunny & Julieta Venegas),"Julieta Venegas, Bad Bunny, Tainy",775542072,170,E,64,14,70,9,0,9,8,2021-10-05,445,1
530,The Motto,"Tiï¿½ï¿½sto, Ava",656013912,118,G,75,46,76,3,0,9,4,2021-11-04,446,1
536,Malvadï¿½ï¿,"Xamï¿½ï¿½, Gustah, Neo B",240684449,133,F#,82,52,61,38,0,14,27,2021-11-30,447,1
538,Donï¿½ï¿½ï¿½t Break My,The Weeknd,63803529,122,A#,77,25,62,34,0,23,3,2022-01-07,448,1
539,Oh My God,Adele,466214729,88,C#,53,55,73,9,0,3,5,2021-11-19,449,1
540,Entre Nosotros (Remix) [con Nicki Nicole],"Lit Killah, Maria Becerra, Tiago pzk, NICKI NICOLE",236940480,170,F,70,61,44,40,0,37,4,2022-01-05,450,1
541,A Tale By Quincy,The Weeknd,41924466,94,F,46,55,50,71,0,10,11,2022-01-07,451,1
542,I AM WOMAN,Emmy Meli,225259194,170,A#,65,46,47,12,0,13,16,2021-11-18,452,1
543,Medallo,"Justin Quiles, Lenny Tavï¿½ï¿½rez, BL",393230256,90,E,79,79,70,57,0,66,8,2021-10-27,453,1
544,It'll Be Okay,Shawn Mendes,287201015,78,G,40,7,29,62,0,9,3,2021-12-01,454,1
545,Softcore,The Neighbourhood,599770206,94,D,57,36,58,5,0,15,3,2018-03-09,455,0
546,Super Gremlin,Kodak Black,342779426,73,D,83,11,41,0,0,36,14,2021-10-30,456,1
547,Volvï¿,"Aventura, Bad Bunny",673801126,176,C#,73,79,86,42,0,7,18,2021-08-03,457,0
548,Todo De Ti,Rauw Alejandro,1168642797,128,D#,81,57,63,40,1,10,4,2020-11-02,458,0
550,Smokin Out The Window,"Bruno Mars, Anderson .Paak, Silk Sonic",383550148,82,D,63,85,62,6,0,35,4,2021-11-05,459,1
551,Meet Me At Our Spot,"THE ANXIETY, Willow, Tyler Cole",530511203,95,D,77,40,47,2,0,9,3,2020-03-13,460,1
553,Tacones Rojos,Sebastian Yatra,510876816,123,B,75,93,86,8,0,14,3,2021-10-22,461,0
555,Dakiti,"Bad Bunny, Jhay Cortez",1763363713,110,E,73,14,57,40,0,11,5,2020-10-30,462,1
556,"Tiago PZK: Bzrp Music Sessions, Vol. 48","Bizarrap, Tiago pzk",374191487,96,C#,66,76,82,47,0,10,32,2021-12-29,463,1
557,Lï¿½ï¿½ï¿,Stromae,108809090,88,D,56,58,55,35,0,23,11,2022-01-09,464,1
558,Nostï¿½ï¿½l,"Chris Brown, Rvssian, Rauw Alejandro",436695353,98,A,73,60,85,17,0,24,5,2021-09-08,465,1
561,Sad Girlz Luv Money Remix (feat. Kali Uchis),"Kali Uchis, Amaarae, Moliy",354065229,110,C#,86,31,53,43,0,11,6,2021-09-16,466,1
562,Butter,BTS,1143647827,110,G#,79,70,36,0,0,6,11,2021-05-21,467,1
563,pushin P (feat. Young Thug),"Young Thug, Future, Gunna",311395144,78,C#,77,49,42,1,1,13,19,2022-01-07,468,1
564,You Right,"Doja Cat, The Weeknd",672656250,129,G#,83,44,62,2,0,8,6,2021-06-24,469,0
565,deja vu,Olivia Rodrigo,1256880657,181,A,44,22,60,61,0,42,9,2021-04-01,470,1
567,TO THE MOON,Jnr Choi,245095641,144,D,74,39,65,5,1,11,35,2021-11-05,471,1
568,Lost in the Fire,"The Weeknd, Gesaffelstein",686734357,101,D,66,18,68,9,0,12,4,2019-01-11,472,1
569,Salimo de Noche,"Trueno, Tiago pzk",261414174,84,D,67,78,63,29,0,12,5,2021-10-21,473,0
570,Volando - Remix,"Sech, Bad Bunny, Mora",610045621,154,F#,66,63,69,21,0,11,7,2021-07-08,474,1
571,Leave The Door Open,"Bruno Mars, Anderson .Paak, Silk Sonic",1115880852,148,F,59,72,62,18,0,9,3,2021-03-05,475,1
572,Knife Talk (with 21 Savage ft. Project Pat),"Drake, Project Pat, 21 Savage",594482982,146,F,85,22,37,13,0,7,30,2021-09-03,476,0
573,Don't Be Shy,"Tiï¿½ï¿½sto, Kar",566954746,120,B,77,51,79,20,0,26,6,2021-08-01,477,1
574,Love Grows (Where My Rosemary Goes),Edison Lighthouse,BPM110KeyAModeMajorDanceability53Valence75Energy69Acousticness7Instrumentalness0Liveness17Speechiness3,110,A,53,75,69,7,0,17,3,1970-01-01,478,1
576,The Family Madrigal,"Olga Merediz, Stephanie Beatriz, Encanto - Cast",184937148,141,C#,59,56,63,12,0,6,36,2021-11-19,479,1
577,Phantom Regret by Jim,The Weeknd,31959571,108,A,46,23,48,75,30,14,4,2022-01-07,480,1
579,Freaks,Surf Curse,824420218,180,A,35,41,94,0,63,5,5,2015-05-10,481,1
580,Acapulco,Jason Derulo,363467642,122,A#,77,51,79,5,0,16,5,2021-09-01,482,1
581,Daddy Issues,The Neighbourhood,1127468248,85,A#,59,33,52,7,15,12,3,2015-10-30,483,0
582,thought i was playing,"21 Savage, Gunna",60680939,148,C#,68,29,73,0,0,7,7,2022-01-07,484,0
583,ELEVEN,IVE,247737946,120,A,83,59,73,6,0,5,11,2021-12-01,485,1
585,What Else Can I Do?,"Stephanie Beatriz, Diane Guerrero",154797871,120,E,72,54,71,26,0,10,4,2021-11-19,486,0
587,Miserable Man,David Kushner,124407432,110,A#,63,31,35,93,0,29,3,2022-01-07,487,1
588,happier,Olivia Rodrigo,850608354,169,F#,39,36,45,81,0,8,13,2021-05-21,488,1
589,Praise God,Kanye West,376333030,118,C#,80,21,55,1,0,26,17,2021-08-29,489,1
590,Get Into It (Yuh),Doja Cat,516784627,92,G#,91,79,66,32,0,9,16,2021-06-25,490,1
591,Before You Go,Lewis Capaldi,1608045237,112,D#,45,19,60,63,0,9,6,2019-11-01,491,0
592,Sky,Playboi Carti,506778838,140,D,79,56,91,26,0,13,21,2020-12-25,492,1
593,Rolling in the Deep,Adele,1472799873,105,G#,73,52,76,13,0,5,3,2010-11-29,493,0
594,Sobrio,Maluma,513643924,178,F,76,63,77,14,0,15,22,2021-07-08,494,1
595,Peru,"Ed Sheeran, Fireboy DML",261286503,108,G,96,71,42,57,0,8,9,2021-12-23,495,1
596,favorite crime,Olivia Rodrigo,783706581,173,A,40,19,29,86,0,34,4,2021-05-21,496,0
597,Thunder,"Prezioso, Gabry Ponte, LUM!X",422691058,101,C#,67,40,90,3,0,34,6,2021-05-07,497,1
598,The Business,Tiï¿½ï¿,1062345656,120,G#,80,24,62,41,2,11,23,2020-01-01,498,0
600,I WANNA BE YOUR SLAVE,Mï¿½ï¿½ne,851070493,133,C#,75,96,61,0,0,18,4,2021-03-19,499,1
601,Vai Lï¿½ï¿½ Em Casa ,"Marï¿½ï¿½lia Mendonï¿½ï¿½a, George Henrique &",263894529,158,G#,46,62,83,53,0,97,28,2021-10-22,500,1
602,The Feels,TWICE,345903614,120,A,81,92,90,9,0,8,7,2021-10-01,501,0
604,No Lie,"Sean Paul, Dua Lipa",956865266,102,G,74,45,89,5,0,26,13,2016-11-18,502,1
605,OUT OUT (feat. Charli XCX & Saweetie),"Charli XCX, Jax Jones, Joel Corry, Saweetie",427486004,124,G#,79,79,84,2,0,5,5,2021-08-13,503,1
606,Pope Is a Rockstar,SALES,156658366,90,E,73,31,45,85,24,11,3,2016-04-20,504,1
607,2055,Sleepy hallow,624515457,161,F#,78,65,52,46,0,12,31,2021-04-14,505,1
608,Bored,Billie Eilish,777765388,120,G,60,11,33,90,0,8,5,2017-03-30,506,1
610,Astronaut In The Ocean,Masked Wolf,1138474110,150,E,78,47,70,18,0,15,9,2019-01-01,507,0
611,Ley Seca,"Anuel Aa, Jhay Cortez",355219175,105,G#,76,58,84,10,0,13,10,2021-09-02,508,1
612,Every Summertime,NIKI,290228626,79,F#,63,76,67,38,0,6,4,2021-08-10,509,0
613,Talking To The Moon,Bruno Mars,1062956628,146,C#,52,7,61,51,0,11,3,2010-10-04,510,1
614,you broke me first,Tate McRae,1180094974,124,E,64,8,37,79,0,9,5,2020-04-17,511,1
615,The Nights,Avicii,1456081449,126,F#,53,66,85,2,0,24,4,2014-01-01,512,1
616,Take My Breath,The Weeknd,432702334,121,G#,75,53,74,2,0,11,5,2021-08-06,513,0
617,Way 2 Sexy (with Future & Young Thug),"Drake, Future, Young Thug",489945871,136,B,80,33,60,0,0,32,14,2021-09-03,514,1
618,Cï¿½ï¿½,Rauw Alejandro,465959382,102,A,77,26,63,58,0,11,5,2021-06-25,515,1
619,Enemy - from the series Arcane League of Legends,"Imagine Dragons, League of Legends, Arcane",1223481149,77,G,73,54,74,23,0,41,23,2021-10-27,516,1
621,Lucid Dreams,Juice WRLD,2288695111,84,B,44,22,48,38,0,33,24,2017-06-15,517,1
622,Quï¿½ï¿½ Mï¿½ï¿,"J Balvin, Maria Becerra",720825549,102,G#,89,77,82,3,0,17,11,2021-01-28,518,0
623,All of Me,John Legend,2086124197,120,G#,42,33,26,92,0,13,3,2013-08-01,519,0
624,Smells Like Teen Spirit - Remastered 2021,Nirvana,1690192927,117,C#,52,73,91,0,0,11,7,1991-09-10,520,1
626,Fair Trade (with Travis Scott),"Drake, Travis Scott",593917618,168,C#,67,29,47,5,0,22,26,2021-09-03,521,1
627,Bar,"Tini, L-Gante",200972675,94,C#,52,68,69,13,0,33,8,2021-11-11,522,1
628,The Rumbling (TV Size),SiM,71014967,145,G#,41,65,88,0,0,26,5,2022-01-10,523,0
629,family ties (with Kendrick Lamar),"Kendrick Lamar, Baby Keem",560222750,134,C#,71,14,61,1,0,23,33,2021-08-27,524,1
630,Mr. Brightside,The Killers,1806617704,148,C#,35,24,93,0,0,10,8,2003-09-23,525,1
631,Blessed-Cursed,ENHYPEN,77337771,127,E,60,40,89,9,0,60,6,2022-01-10,526,0
632,AM Remix,"J Balvin, Nio Garcia, Bad Bunny",528544703,172,F#,74,79,66,11,0,8,16,2021-06-24,527,1
633,Streets,Doja Cat,865640097,90,B,75,19,46,21,4,34,8,2019-11-07,528,1
634,Shallow,"Lady Gaga, Bradley Cooper",2159346687,96,G,57,30,40,38,0,26,3,2018-09-27,529,1
635,Polaroid Love,ENHYPEN,211372494,138,G,74,65,67,46,0,36,4,2022-01-10,530,1
636,Leave Before You Love Me (with Jonas Brothers),"Marshmello, Jonas Brothers",651732901,120,G,72,67,72,0,0,13,4,2021-04-28,531,1
637,Permission to Dance,BTS,608334048,125,A,70,65,74,1,0,34,4,2021-07-09,532,1
638,Friday (feat. Mufasa & Hypeman) - Dopamine Re-Edit,"Riton, Nightcrawlers, Mufasa & Hypeman, Dopamine",863756573,123,D,82,80,86,1,0,30,13,2021-01-15,533,1
639,RAPSTAR,Polo G,797402345,81,F#,79,44,54,41,0,13,24,2021-04-09,534,1
640,'Till I Collapse,"Eminem, Nate Dogg",1695712020,171,C#,55,10,85,7,0,8,20,2002-05-26,535,1
641,Memories,Maroon 5,1759567999,91,B,77,60,32,84,0,8,5,2019-09-20,536,1
642,Se Le Ve,"Arcangel, De La Ghetto, Justin Quiles, Lenny Tavï¿½ï¿½rez, Sech, Dalex, Dimelo Flow, Rich Music",223319934,84,G,56,61,76,10,0,14,11,2021-08-12,537,0
643,25k jacket (feat. Lil Baby),"Gunna, Lil Baby",54937991,115,F,90,74,54,16,0,13,28,2022-01-07,538,1
645,Esqueï¿½ï¿½a-Me Se For C,"Marï¿½ï¿½lia Mendonï¿½ï¿½a, Maiara &",258316038,122,F#,80,62,69,28,0,13,7,2021-10-14,539,1
646,Miï¿½ï¿½n,"Tini, Maria Becerra",596152090,92,D,85,92,54,16,0,29,7,2021-04-29,540,0
647,Sï¿½ï¿½,"Anuel Aa, Myke Towers, Jhay Cortez",177129919,90,F#,63,75,75,17,0,11,8,2021-11-18,541,0
648,MAMIII,"Karol G, Becky G",716591492,94,E,84,90,70,9,0,14,8,2022-02-10,542,1
649,Still D.R.E.,"Dr. Dre, Snoop Dogg",1210599487,93,B,81,53,78,18,0,6,24,1999-01-01,543,1
650,Stay Alive (Prod. SUGA of BTS),Jung Kook,246376690,130,D,51,50,76,30,0,10,7,2022-02-11,544,1
651,Boyfriend,Dove Cameron,496311364,180,G,35,23,61,23,0,19,6,2022-02-11,545,1
653,The Next Episode,"Dr. Dre, Snoop Dogg",843309044,95,D#,92,31,89,3,0,8,25,1999-01-01,546,1
654,Light Switch,Charlie Puth,500340342,184,F#,69,91,63,11,0,9,31,2022-01-19,547,0
655,City of Gods,"Kanye West, Alicia Keys, Fivio Foreign",107255472,147,G#,47,50,80,10,0,32,38,2022-02-11,548,1
656,Brividi,"Mahmood, Blanco",135079152,123,G,52,44,60,40,0,26,3,2022-02-02,549,1
657,Lost,Frank Ocean,822239726,123,A#,91,49,61,3,0,17,22,2012-01-01,550,0
658,In Da Club,50 Cent,1202722675,90,F#,90,79,71,26,0,7,37,2002-01-01,551,1
659,she's all i wanna be,Tate McRae,343197054,160,D,61,65,64,1,0,12,4,2022-02-04,552,1
660,Ginseng Strip 2002,Yung Lean,240769997,115,C#,60,37,71,8,0,48,4,2013-08-16,553,1
661,All For Us - from the HBO Original Series Euphoria,"Labrinth, Zendaya",426204830,141,D#,37,17,67,2,0,34,9,2019-08-04,554,1
662,Notion,The Rare Occasions,421135627,160,A,31,30,88,7,0,8,8,2016-08-05,555,0
663,Formula,Labrinth,554875730,145,B,57,23,66,4,6,15,4,2019-10-04,556,1
665,Excuses,"Intense, AP Dhillon, Gurinder Gill",327498031,95,F,84,49,72,8,0,15,8,2020-07-24,557,1
666,Cigarettes,Juice WRLD,185408548,160,D,60,47,62,3,0,38,4,2021-12-10,558,0
667,"Cayï¿½ï¿½ La Noche (feat. Cruz Cafunï¿½ï¿½, Abhir Hathi, Bejo, EL IMA)","Quevedo, La Pantera, Juseph, Cruz Cafunï¿½ï¿½, Bï¿½ï¿½jo, Abhir Hathi",245400167,174,F,67,74,75,44,0,7,30,2022-01-14,559,1
668,California Love - Original Version (Explicit),"Dr. Dre, 2Pac, Roger",579395142,92,G,77,76,84,3,0,38,4,1995-12-28,560,0
669,Forgot About Dre,"Eminem, Dr. Dre",675039469,134,G#,93,61,74,9,0,17,8,1999-01-01,561,1
670,Down Under (feat. Colin Hay),"Luude, Colin Hay",252871192,172,B,31,4,86,1,0,28,17,2021-11-19,562,1
671,Mujeriego,Ryan Castro,231996128,80,A,76,92,62,6,0,8,13,2021-12-17,563,1
672,HUMBLE.,Kendrick Lamar,1929770265,150,C#,91,42,60,0,0,9,12,2017-03-30,564,1
673,Stan,"Eminem, Dido",918915401,80,F#,78,53,74,4,0,45,21,1999-11-21,565,1
674,Contection,"GODZZ__-, Zakaria",1180896317,166,A#,81,83,75,14,0,29,34,2020-01-16,566,1
675,Swim,Chase Atlantic,498960285,120,G#,67,8,54,27,0,8,4,2017-10-04,567,1
677,Numb Little Bug,Em Beihold,258714692,85,G#,74,61,52,30,0,26,9,2022-01-28,568,1
678,212,"Mainstreet, Chefin",143139338,154,D,79,86,52,66,0,9,7,2022-01-15,569,1
679,Problemï¿½,"Alvaro Diaz, Rauw Alejandro",209768491,92,D,73,37,74,28,0,14,6,2021-10-22,570,1
680,Bussin,"Nicki Minaj, Lil Baby",64714573,140,B,89,75,70,6,0,13,5,2022-02-11,571,1
681,Worst Day,Future,50746620,89,C#,65,60,60,11,0,10,40,2022-02-11,572,0
682,Malvada,Zï¿½ï¿½ Fe,154119539,135,F,89,89,86,16,0,8,5,2022-01-28,573,0
683,Hrs and Hrs,Muni Long,181328253,140,G#,51,66,53,60,0,11,18,2021-11-19,574,1
684,Alien Blues,Vundabar,370068639,82,D#,47,44,76,8,91,9,3,2015-07-24,575,1
685,Thinking Out Loud,Ed Sheeran,2280566092,79,D,78,58,45,47,0,18,3,2014-01-01,576,1
686,Still Don't Know My Name,Labrinth,563902868,88,F,31,31,63,47,27,21,12,2019-10-04,577,0
687,Christmas Tree,V,317622165,139,F,44,18,38,70,0,12,4,2021-12-24,578,1
689,When I R.I.P.,Labrinth,203680270,80,G#,39,45,55,73,0,9,21,2019-10-04,579,1
690,Do We Have A Problem?,"Nicki Minaj, Lil Baby",81350745,120,C#,84,54,51,47,0,12,40,2022-02-04,580,1
691,Forever,Labrinth,282883169,80,E,56,19,46,92,72,11,3,2019-10-04,581,0
692,Gospel (with Eminem),"Eminem, Dr. Dre",64787943,117,C#,92,62,86,11,0,24,24,2022-02-04,582,1
693,Seï¿½ï¿½o,"Shawn Mendes, Camila Cabello",2484812918,117,A,76,77,52,4,0,8,3,2019-06-19,583,1
694,NEW MAGIC WAND,"Tyler, The Creator",461437791,140,F,62,46,73,10,0,67,11,2019-05-16,584,1
695,Adore You,Harry Styles,1439191367,99,G#,68,57,77,2,0,10,5,2019-12-06,585,1
696,La Santa,"Daddy Yankee, Bad Bunny",759208783,93,C#,74,59,87,3,0,8,5,2020-02-29,586,0
697,Something In The Way - Remastered 2021,Nirvana,368646862,106,G#,44,8,20,74,42,11,3,1991-09-24,587,1
698,Sweetest Pie,"Dua Lipa, Megan Thee Stallion",299634472,124,G,81,68,63,17,0,10,22,2022-03-11,588,1
699,Bam Bam (feat. Ed Sheeran),"Camila Cabello, Ed Sheeran",756907987,95,G#,76,96,70,18,0,33,4,2022-03-04,589,1
700,Una Noche en Medellï¿½,Cris Mj,682475162,96,A#,87,82,53,10,0,5,8,2022-01-21,590,1
701,Envolver,Anitta,546191065,92,E,81,40,73,15,0,9,8,2021-11-11,591,1
702,Starlight,Dave,229473310,124,G,95,36,37,35,0,10,28,2022-03-03,592,1
703,Hati-Hati di Jalan,Tulus,202677468,72,F#,64,76,44,70,9,12,4,2022-03-03,593,1
705,DANï¿½ï¿½A,"Mc Pedrinho, Pedro Sampaio",208166039,135,A,78,55,57,4,0,10,8,2022-02-01,594,1
706,Yo Voy (feat. Daddy Yankee),Zion & Lennox,527033089,95,A#,81,56,70,4,0,5,24,2004-05-04,595,0
707,"Residente: Bzrp Music Sessions, Vol. 49","Residente, Bizarrap",94616487,71,C#,59,70,74,56,0,11,40,2022-03-03,596,1
708,Jordan,Ryan Castro,394030335,180,A#,80,71,68,6,0,10,37,2021-04-30,597,0
709,Nail Tech,Jack Harlow,193443895,150,E,65,11,58,0,0,12,9,2022-02-18,598,1
710,Chale,Eden Muï¿½ï,299648208,189,G#,55,86,44,40,0,7,4,2022-02-18,599,1
712,Ya No Somos Ni Seremos,Christian Nodal,319757142,140,G,59,73,45,44,0,34,3,2022-02-18,600,0
714,Freaky Deaky,"Tyga, Doja Cat",153240879,104,D,80,24,65,2,0,9,4,2022-02-25,601,0
715,this is what falling in love feels like,JVKE,346127840,129,B,42,33,44,62,0,8,6,2021-09-03,602,1
716,La Zona,Bad Bunny,312622938,94,C#,76,81,80,20,0,25,4,2020-02-29,603,1
718,Hope,XXXTENTACION,1200808494,146,A,59,23,46,66,0,15,6,2018-03-16,604,1
719,Levitating,Dua Lipa,797196073,103,F#,69,90,88,5,0,29,8,2020-03-27,605,1
720,Wake Me Up - Radio Edit,Avicii,1970673297,124,D,53,66,78,0,0,16,5,2013-01-01,606,1
721,"jealousy, jealousy",Olivia Rodrigo,665765558,164,A#,70,71,58,24,0,7,13,2021-05-21,607,0
722,Monï¿½ï¿½y so,YEAT,263779030,138,D,69,35,57,12,0,10,9,2021-09-10,608,1
723,Demasiadas Mujeres,C. Tangana,339473453,126,A,67,37,46,13,0,10,39,2020-10-08,609,1
724,Something Just Like This,"The Chainsmokers, Coldplay",2204080728,103,B,61,47,65,3,0,17,4,2017-02-22,610,1
725,Closer,"The Chainsmokers, Halsey",2591224264,95,G#,75,64,52,41,0,11,3,2016-05-31,611,1
726,O.O,NMIXX,135444283,200,B,39,28,77,4,0,6,29,2022-02-22,612,1
728,Tom's Diner,"AnnenMayKantereit, Giant Rooks",236872197,98,F#,68,33,43,38,0,36,14,2019-06-28,613,1
729,First Class,Jack Harlow,694525298,107,G#,91,32,56,3,0,11,10,2022-04-08,614,0
731,Fuera del mercado,Danny Ocean,421365166,92,G#,45,27,67,32,0,13,14,2022-02-17,615,1
732,X ï¿½ï¿½LTIMA,"Daddy Yankee, Bad Bunny",349746291,90,G,81,59,83,9,0,11,5,2022-03-25,616,0
733,When You're Gone,Shawn Mendes,255120451,147,F,60,58,69,2,0,58,4,2022-03-31,617,1
734,In My Head,Lil Tjay,190981339,143,C#,68,41,55,16,0,10,12,2022-04-01,618,0
735,Wait a Minute!,Willow,924193303,101,D#,76,63,71,3,0,10,3,2015-01-11,619,0
736,LOVE DIVE,IVE,305771063,118,C#,70,54,71,0,0,33,4,2022-04-05,620,0
737,Pantysito,"Feid, Alejo, Robi",273005485,98,G,83,63,74,14,0,16,6,2022-03-18,621,0
738,Chance,Paulo Londra,89566512,138,C#,72,22,46,24,0,9,6,2022-04-06,622,1
739,Cool for the Summer,Demi Lovato,677389855,114,F,59,30,62,1,0,8,4,2015-01-01,623,1
740,psychofreak (feat. WILLOW),"Camila Cabello, Willow",75476209,180,G,63,45,64,34,0,9,8,2022-04-07,624,1
741,Angel Baby,Troye Sivan,408843328,145,B,56,41,57,1,0,13,3,2021-09-09,625,0
742,Vampiro,"Matuï¿½ï¿½, Wiu, ",187772591,115,G#,78,63,64,1,0,7,4,2022-01-30,626,1
743,Si Quieren Frontear,"De La Ghetto, Duki, Quevedo",178512385,82,A#,79,48,84,13,0,21,23,2022-03-31,627,1
744,Right On,Lil Baby,101780047,166,D,70,22,61,2,0,10,34,2022-04-08,628,0
746,That's Hilarious,Charlie Puth,146363130,108,F#,71,55,44,74,0,11,6,2022-04-08,629,1
747,Soy El Unico,Yahritza Y Su Esencia,126443991,84,E,71,63,45,45,0,11,3,2022-03-25,630,1
748,RUMBATï¿½,Daddy Yankee,157990698,95,D#,69,90,91,6,0,35,4,2022-03-25,631,1
749,sentaDONA (Remix) s2,"Luï¿½ï¿½sa Sonza, MC Frog, Dj Gabriel do Borel, Davi K",176290831,135,D#,93,77,45,25,0,13,27,2022-03-17,632,1
750,Falling,Harry Styles,1023187129,110,E,57,6,27,84,0,9,3,2019-12-13,633,0
751,Sigue,"Ed Sheeran, J Balvin",106933107,88,G,89,59,64,5,0,19,7,1996-11-24,634,1
752,Fim de Semana no Rio,teto,139193812,119,C#,87,28,50,12,0,10,10,2022-03-30,635,1
753,MANIAC,Stray Kids,212234990,120,C#,58,71,80,15,0,7,41,2022-03-18,636,1
754,There's Nothing Holdin' Me Back,Shawn Mendes,1714490998,122,D,86,97,80,36,0,9,6,2016-09-23,637,0
755,IDGAF (with blackbear),"Blackbear, BoyWithUke",197643795,98,F,78,83,75,41,0,27,8,2022-03-18,638,1
756,Golden,Harry Styles,807015863,140,E,45,25,84,21,0,13,6,2019-12-13,639,0
757,Get Lucky - Radio Edit,"Pharrell Williams, Nile Rodgers, Daft Punk",933815613,116,F#,79,87,81,4,0,10,4,2013-01-01,640,1
758,Ain't Shit,Doja Cat,499710590,124,D#,86,62,49,51,0,35,21,2021-06-25,641,0
759,"Nobody Like U - From ""Turning Red""","Jordan Fisher, Josh Levi, Finneas O'Connell, 4*TOWN (From Disney and Pixarï¿½ï¿½ï¿½s Turning Red), Topher Ngo, Grayson Vill",120847157,105,A,91,73,72,13,0,9,15,2022-02-25,642,1
760,Still Life,BIGBANG,53909146,118,G#,68,24,58,44,0,6,3,2022-04-05,643,1
761,Photograph,Ed Sheeran,2236667932,108,E,61,20,38,61,0,10,5,2014-06-20,644,1
762,Love Yourself,Justin Bieber,2123309722,100,E,61,53,38,84,0,28,44,2015-11-09,645,1
763,N95,Kendrick Lamar,301242089,140,D#,81,39,66,38,0,12,14,2022-05-13,646,0
764,About Damn Time,Lizzo,723894473,109,A#,84,72,74,10,0,34,7,2022-04-14,647,1
765,Die Hard,"Kendrick Lamar, Blxst, Amanda Reifer",237351106,101,C#,78,40,74,36,0,17,27,2022-05-13,648,1
766,Despuï¿½ï¿½s de la P,Bad Bunny,461558540,78,F,56,61,90,36,0,18,31,2022-05-06,649,1
768,United In Grief,Kendrick Lamar,156898322,87,G#,52,32,83,24,0,17,43,2022-05-13,650,0
769,Father Time (feat. Sampha),"Kendrick Lamar, Sampha",127309180,153,A#,55,50,78,19,0,11,35,2022-05-13,651,1
771,Rich Spirit,Kendrick Lamar,173702135,96,A#,85,41,43,39,0,12,21,2022-05-13,652,1
773,Me Fui de Vacaciones,Bad Bunny,305650299,85,A#,71,43,65,23,0,9,5,2022-05-06,653,1
774,Silent Hill,"Kendrick Lamar, Kodak Black",123216717,140,C#,92,78,57,46,0,14,9,2022-05-13,654,1
775,La Corriente,"Tony Dize, Bad Bunny",479655659,196,B,66,58,79,23,0,22,20,2022-05-06,655,1
776,Count Me Out,Kendrick Lamar,126191104,134,G,78,51,43,69,0,14,9,2022-05-13,656,1
777,Andrea,"Buscabulla, Bad Bunny",344055883,103,C#,80,45,62,76,0,10,38,2022-05-06,657,1
778,Dos Mil 16,Bad Bunny,338422004,130,C#,82,50,67,12,0,13,5,2022-05-06,658,0
779,We Cry Together,"Kendrick Lamar, Taylour Paige",68895644,108,B,65,52,69,31,0,8,36,2022-05-13,659,1
780,Savior,"Kendrick Lamar, Sam Dew, Baby Keem",86176890,123,G#,61,66,71,53,0,32,46,2022-05-13,660,1
781,Un Coco,Bad Bunny,403231558,152,B,84,74,69,21,0,18,6,2022-05-06,661,0
782,Otro Atardecer,"Bad Bunny, The Marï¿½ï",319546754,108,D,78,55,60,59,0,7,4,2022-05-06,662,1
783,Worldwide Steppers,Kendrick Lamar,61739839,72,A#,56,56,47,76,0,8,36,2022-05-13,663,1
784,Aguacero,Bad Bunny,283359161,121,F#,86,67,65,42,0,35,7,2022-05-06,664,0
785,Purple Hearts,"Kendrick Lamar, Ghostface Killah, Summer Walker",76831876,138,D#,57,71,82,19,0,15,29,2022-05-13,665,1
786,Un Verano Sin Ti,Bad Bunny,283332261,188,F,50,41,50,69,0,12,6,2022-05-06,666,0
787,ULTRA SOLO,"Polima WestCoast, Pailita",307752576,110,C#,80,26,85,23,0,11,21,2022-02-14,667,0
788,Ensï¿½ï¿½ï¿½ï¿½ame ,Bad Bunny,279737940,105,G#,81,77,79,19,0,47,8,2022-05-06,668,1
789,El Apagï¿½,Bad Bunny,212351890,118,G#,63,60,70,5,0,9,31,2022-05-06,669,1
790,Callaita,"Bad Bunny, Tainy",1304313953,176,D,61,24,62,60,0,24,31,2019-05-31,670,1
791,Dua Lipa,Jack Harlow,150500965,158,B,83,41,65,0,10,11,8,2022-05-06,671,0
792,Agosto,Bad Bunny,246127838,115,C#,85,72,58,9,0,49,12,2022-05-06,672,0
793,House Of Memories,Panic! At The Disco,582863434,110,B,51,48,82,0,0,5,3,2016-01-15,673,1
794,Mr. Morale,"Kendrick Lamar, Tanna Leone",58687425,174,A,73,26,54,30,0,34,32,2022-05-13,674,0
795,That That (prod. & feat. SUGA of BTS),"PSY, Suga",212109195,130,E,91,91,96,3,0,3,9,2022-04-29,675,1
796,In The Stars,Benson Boone,382199619,78,A#,36,30,54,34,0,14,5,2022-04-29,676,1
797,Rich - Interlude,Kendrick Lamar,41210087,104,G,44,74,42,88,0,9,9,2022-05-13,677,0
798,SUPERMODEL,Mï¿½ï¿½ne,231657891,121,G,64,80,88,0,0,12,6,2022-05-13,678,0
799,Stefania (Kalush Orchestra),KALUSH,53729194,105,D,83,32,82,14,0,12,4,2022-03-10,679,1
800,Thousand Miles,The Kid Laroi,244741137,81,G,38,20,66,9,0,9,8,2022-04-22,680,1
801,Crown,Kendrick Lamar,42485571,170,C#,37,14,24,80,0,11,4,2022-05-13,681,1
802,Auntie Diaries,Kendrick Lamar,37778188,78,G,43,60,38,76,1,48,38,2022-05-13,682,1
803,PUFFIN ON ZOOTIEZ,Future,254218729,125,G#,88,28,66,6,0,13,31,2022-04-29,683,1
804,Mirror,Kendrick Lamar,53603447,92,E,66,29,65,23,0,8,7,2022-05-13,684,1
805,Beautiful Girl,Luciano,160035717,140,B,84,61,42,31,0,9,9,2022-04-22,685,0
807,Savior - Interlude,Kendrick Lamar,37091576,118,F,66,83,43,84,0,19,19,2022-05-13,686,1
808,Pasoori,"Shae Gill, Ali Sethi",284249832,92,B,71,67,60,7,0,6,4,2022-02-06,687,1
809,Mother I Sober (feat. Beth Gibbons of Portishead),"Kendrick Lamar, Beth Gibbons",33381454,140,G#,49,50,37,87,0,11,35,2022-05-13,688,1
810,TUS Lï¿½ï¿½GR,"Sech, Mora",184622518,174,C#,68,45,71,18,0,11,25,2022-04-01,689,1
811,Where Did You Go?,"MNEK, Jax Jones",300983101,127,A#,77,53,78,19,0,29,4,2022-01-26,690,1
812,I Tried to Tell Y'all,"Ugly Dray, Tesla Jnr",121077868,96,B,71,37,52,62,0,11,36,2022-05-06,691,0
813,Honest (feat. Don Toliver),"Justin Bieber, Don Toliver",106919680,150,G#,82,82,66,13,0,11,6,2022-04-29,692,1
814,ZOOM,Jessi,136996305,100,F#,87,46,60,1,0,13,16,2022-04-13,693,0
815,SloMo,Chanel,65719930,105,C#,73,59,81,13,0,9,6,2021-12-24,694,1
816,FEARLESS,LE SSERAFIM,229497852,104,G,86,43,62,5,0,13,14,2022-05-02,695,1
817,10 Things I Hate About You,Leah Kate,185550869,154,G#,54,45,79,1,0,17,5,2022-03-23,696,0
818,SPACE MAN,Sam Ryder,54682594,80,B,47,33,83,18,0,10,5,2022-02-22,697,0
819,With you,"HA SUNG WOON, Jimin",240580042,150,D#,53,14,43,64,0,13,3,2022-04-24,698,1
820,Iris,The Goo Goo Dolls,1284942608,156,B,32,49,72,0,0,9,4,1998-03-31,699,0
821,The Heart Part 5,Kendrick Lamar,71423324,98,G#,76,79,81,18,0,6,34,2022-05-08,700,1
822,San Lucas,Kevin Kaarl,244891912,92,G,58,27,36,86,0,9,3,2019-11-07,701,0
823,This Love (Taylorï¿½ï¿½ï¿½s Ve,Taylor Swift,132171975,144,E,47,7,50,32,0,7,4,2022-05-06,702,0
824,Good Looking,Suki Waterhouse,184706613,150,E,37,27,56,8,0,13,3,2017-10-20,703,1
825,Flowers,Lauren Spencer Smith,184826429,138,D#,70,31,44,84,0,9,39,2021-08-09,704,1
826,Yet To Come,BTS,302006641,172,C#,56,68,89,4,0,33,19,2022-06-10,705,1
827,Run BTS,BTS,330881149,77,G#,72,70,82,2,0,4,17,2022-06-10,706,0
828,Music For a Sushi Restaurant,Harry Styles,334733572,107,B,72,36,72,26,6,11,4,2022-05-20,707,1
829,Matilda,Harry Styles,366214458,114,D,51,39,29,90,0,10,4,2022-05-20,708,1
830,For Youth,BTS,114546317,117,D,63,29,51,43,0,25,4,2022-06-10,709,1
832,Vegas (From the Original Motion Picture Soundtrack ELVIS),Doja Cat,448500832,160,G#,80,74,60,8,0,14,26,2022-05-06,710,1
833,Cash In Cash Out,"Pharrell Williams, Tyler, The Creator, 21 Savage",136676504,120,G,88,15,56,1,0,8,6,2022-06-10,711,1
834,Potion (with Dua Lipa & Young Thug),"Calvin Harris, Dua Lipa, Young Thug",190625045,100,B,82,76,70,16,0,8,5,2022-05-27,712,1
835,Born Singer,BTS,79095270,158,G#,60,68,84,4,0,24,11,2022-06-10,713,1
836,Little Freak,Harry Styles,273194684,142,D#,56,40,54,72,0,10,4,2022-05-20,714,1
837,La Llevo Al Cielo (Ft. ï¿½ï¿½engo F,"Nengo Flow, Anuel Aa, Chris Jedi, Chencho Corleone",333146475,170,A,80,77,85,11,0,17,14,2022-05-20,715,0
838,True Love,"Kanye West, XXXTENTACION",194902696,84,F,71,39,86,2,0,51,25,2022-05-27,716,1
840,Pass The Dutchie,Musical Youth,195918494,151,G,73,88,67,20,0,32,5,1982-01-01,717,1
841,"Villano Antillano: Bzrp Music Sessions, Vol. 51","Bizarrap, Villano Antillano",248511839,128,C#,82,42,75,6,0,63,6,2022-06-08,718,0
842,Love Of My Life,Harry Styles,233671263,118,G,56,20,54,67,0,6,5,2022-05-20,719,1
843,Grapejuice,Harry Styles,199587884,183,F,65,88,72,36,14,20,3,2022-05-20,720,0
844,So Good,Halsey,91781263,83,D#,63,29,62,4,0,18,4,2022-06-09,721,1
845,Belly Dancer,"BYOR, Imanbek",383835984,122,C#,85,42,80,6,0,17,14,2022-02-18,722,1
846,Keep Driving,Harry Styles,236060709,165,A,72,90,48,32,0,18,23,2022-05-20,723,1
847,Cinema,Harry Styles,189236868,106,A,83,90,64,35,5,9,4,2022-05-20,724,1
848,Die Young (feat. 347aidan),"Sleepy hallow, 347aidan",160845341,77,B,81,68,58,83,0,11,34,2022-05-25,725,1
849,Only Love Can Hurt Like This,Paloma Faith,588955257,91,G#,57,30,89,10,0,33,8,2014-01-01,726,0
850,Hold My Hand,Lady Gaga,238350348,148,G,51,21,63,5,0,41,3,2022-05-03,727,1
851,Daydreaming,Harry Styles,187703102,114,E,71,90,81,31,2,13,3,2022-05-20,728,0
853,Nos Comemos (feat. Ozuna),"Ozuna, Tiago pzk",138334433,92,F#,83,56,82,10,0,9,5,2022-06-02,729,1
854,Me and Your Mama,Childish Gambino,445590495,118,F,56,25,45,1,3,7,3,2016-11-10,730,1
855,Crazy What Love Can Do,"David Guetta, Ella Henderson, Becky Hill",286739476,123,E,60,46,71,3,0,16,4,2022-03-18,731,1
856,SLOW DANCING IN THE DARK,Joji,1122364376,89,D#,52,28,48,54,1,19,3,2018-09-12,732,1
857,Antes de Perderte,Duki,157136970,110,F,81,61,93,49,0,12,11,2022-06-02,733,1
859,295,Sidhu Moose Wala,183273246,90,B,68,54,76,21,0,11,20,2021-05-15,734,0
861,En El Radio Un Cochinero,Victor Cibrian,164856284,154,F#,70,97,62,47,0,10,4,2022-05-13,735,1
862,Master of Puppets (Remastered),Metallica,704171068,105,E,54,59,83,0,44,20,4,1986-03-03,736,1
863,BREAK MY SOUL,Beyoncï¿,354614964,115,C#,70,87,88,4,0,26,8,2022-06-21,737,0
864,ULTRA SOLO REMIX,"De La Ghetto, Feid, Polima WestCoast, Paloma Mami, Pailita",279717388,110,C#,91,59,82,8,0,6,8,2022-06-16,738,1
865,Massive,Drake,195628667,125,E,51,5,68,12,2,15,6,2022-06-17,739,1
866,Betty (Get Money),Yung Gravy,221752937,102,C#,73,62,75,0,0,34,8,2022-06-10,740,1
867,Ojos Marrones,Lasso,263280370,120,G#,81,72,65,4,0,14,4,2022-02-06,741,1
868,POP!,Nayeon,213505179,97,D,80,36,86,4,0,3,5,2022-06-24,742,0
869,Layla,"Schï¿½ï¿½rze, DJ R",130419412,140,F,44,41,92,0,0,44,7,2022-03-24,743,1
870,MORE,j-hope,155795783,97,D,78,31,72,1,0,11,4,2022-07-01,744,1
871,Sweet Child O' Mine,Guns N' Roses,1553497987,125,F#,45,67,90,9,11,10,5,1987-01-01,745,1
872,Last Last,Burna Boy,293466523,88,D#,80,55,56,13,0,8,9,2022-05-12,746,0
874,Sticky,Drake,191448892,137,A#,88,8,49,9,0,9,14,2022-06-17,747,1
875,Hot Shit (feat. Ye & Lil Durk),"Kanye West, Lil Durk, Cardi B",85924992,157,A,88,52,69,0,0,8,23,2022-07-01,748,1
876,Ai Preto,"L7nnon, DJ Biel do Furduncinho, Bianca",176103902,130,F#,95,83,57,54,0,10,25,2022-06-03,749,1
877,La Loto,"Anitta, Tini, Becky G",121189256,90,C#,85,80,83,10,0,8,11,2022-07-06,750,1
878,die first,Nessa Barrett,131746175,183,G#,44,44,67,7,0,12,13,2022-06-24,751,1
879,Afraid To Feel,LF System,244790012,128,C#,58,68,91,2,0,27,11,2022-05-02,752,1
880,Baile no Morro,"Mc Vitin Da Igrejinha, MC Tairon, DJ Win",129314708,130,D#,71,78,40,46,0,7,45,2022-06-10,753,0
881,cï¿½ï¿½mo dormi,Rels B,331511413,126,C#,63,56,43,24,0,12,23,2022-08-04,754,1
883,STAYING ALIVE (feat. Drake & Lil Baby),"Drake, DJ Khaled, Lil Baby",170732845,130,E,72,18,46,7,0,28,8,2022-08-05,755,1
885,Si Te La Encuentras Por Ahï¿,Feid,179061440,172,G#,74,46,58,15,0,13,8,2022-08-05,756,1
886,GIVENCHY,Duki,185236961,103,G#,61,38,62,14,0,23,40,2022-07-20,757,1
887,ALIEN SUPERSTAR,Beyoncï¿,171788484,122,A#,55,46,64,0,0,17,10,2022-07-29,758,0
888,Mary On A Cross,Ghost,387080183,130,B,47,56,90,0,0,10,4,2019-09-13,759,1
889,Attention,NewJeans,264717480,105,A#,81,70,65,24,0,8,4,2022-08-01,760,1
890,THE SHADE,Rex Orange County,244928911,120,F,90,73,51,39,0,9,6,2022-03-11,761,0
891,"Come Back Home - From ""Purple Hearts""",Sofia Carson,97610446,145,G,56,43,53,24,0,12,4,2022-07-12,762,1
892,El Rescate,"Grupo Marca Registrada, Junior H",287278853,99,G,79,64,59,28,0,11,14,2022-07-22,763,1
893,Heartless,Kanye West,887906111,88,A#,79,66,65,5,0,25,14,2008-01-01,764,1
894,"Stay With Me (with Justin Timberlake, Halsey, & Pharrell)","Calvin Harris, Halsey, Pharrell Williams, Justin Timberlake",123473120,126,A,81,90,73,28,0,29,4,2022-07-15,765,1
896,JGL,"Luis R Conriquez, La Adictiva",323455692,113,G#,70,97,59,55,0,27,12,2022-02-18,766,1
897,Don't You Worry,"David Guetta, Shakira, Black Eyed Peas",240918092,132,B,82,49,88,20,0,21,3,2022-06-16,767,1
898,Pipoco,"Melody, Ana Castela, Dj Chris No Beat",191873381,135,G#,77,74,74,47,0,34,8,2022-05-20,768,0
900,Forget Me,Lewis Capaldi,239411309,102,C#,67,72,74,30,0,36,4,2022-09-09,769,1
902,Bound 2,Kanye West,703301727,149,C#,37,28,66,14,0,9,5,2013-01-01,770,0
904,Talk that Talk,TWICE,189476119,120,D#,77,78,91,14,0,33,12,2022-08-26,771,0
905,BILLIE EILISH.,Armani White,277132266,100,C#,90,75,50,11,0,9,26,2022-01-20,772,1
906,Ferxxo 100,Feid,278920007,164,G#,70,58,57,25,0,15,7,2022-06-03,773,1
907,KU LO SA - A COLORS SHOW,Oxlade,222410722,93,A#,65,79,66,31,0,22,7,2022-06-10,774,1
908,Prohibidox,Feid,185392587,180,C#,65,52,80,5,0,6,25,2022-09-13,775,1
909,Static,Steve Lacy,202452860,79,C#,34,22,31,43,63,10,7,2022-07-15,776,1
910,The Scientist,Coldplay,1608164312,146,F,56,21,44,73,0,11,2,2002-08-05,777,1
911,Sparks,Coldplay,624101957,103,C#,37,17,27,75,5,10,3,2000-07-10,778,1
912,Talk,YEAT,148461629,140,E,70,26,76,8,0,54,23,2022-09-02,779,1
913,XQ Te Pones Asï¿,"Yandel, Feid",47093942,92,A#,81,48,70,13,0,15,7,2022-09-13,780,1
914,Selfish,PnB Rock,380319238,102,C#,64,4,60,11,0,19,4,2016-06-23,781,0
915,Sin Seï¿½ï,"Ovy On The Drums, Quevedo",209106362,118,B,82,75,85,33,1,11,4,2022-07-22,782,0
916,Lady Mi Amor,Feid,53987404,93,D,78,75,62,6,0,15,6,2022-09-13,783,1
917,Poland,Lil Yachty,115331792,150,F,70,26,56,14,83,11,5,2022-06-23,784,0
918,THE LONELIEST,Mï¿½ï¿½ne,225093344,130,D,52,24,60,0,0,8,3,2022-10-07,785,1
919,Bye Bye,"Marshmello, Juice WRLD",84697729,83,D#,65,24,53,6,0,51,4,2022-10-14,786,1
920,BABY OTAKU,"Fran C, Polima WestCoast, Nickoog Clk, Pablito Pesadilla",159240673,102,A,84,43,75,5,0,6,8,2022-08-18,787,1
921,Nxde,(G)I-DLE,170709584,136,E,73,65,91,4,0,48,18,2022-10-17,788,1
922,Miss You,Southstar,154356956,145,A,66,24,58,17,0,19,5,1982-05-16,789,0
923,we fell in love in october,girl in red,723043854,130,G,57,24,37,11,18,16,3,2018-11-21,790,1
924,2 Be Loved (Am I Ready),Lizzo,247689123,156,G,72,92,77,9,0,8,11,2022-07-14,791,0
925,Celestial,Ed Sheeran,176474912,123,D,57,50,85,5,0,16,4,2022-09-29,792,1
926,Typa Girl,BLACKPINK,235549288,132,G,92,53,62,7,0,63,10,2022-09-16,793,1
928,California Breeze,Lil Baby,85559365,162,F,74,22,67,0,0,11,46,2022-10-14,794,0
929,Bamba (feat. Aitch & BIA),"Luciano, Aitch, Bï¿½",146223492,138,A#,80,82,81,14,0,13,36,2022-09-22,795,0
930,Casei Com a Putaria,"MC Ryan SP, Love Funk, Mc Paiva ZS",187701588,161,A#,59,62,60,12,0,5,44,2022-07-01,796,1
931,Major Distribution,"Drake, 21 Savage",154863153,131,G#,91,23,55,1,0,7,32,2022-11-04,797,1
932,Pussy & Millions (feat. Travis Scott),"Drake, Travis Scott, 21 Savage",191333656,122,E,75,45,63,6,0,35,12,2022-11-04,798,1
933,Vigilante Shit,Taylor Swift,253650850,80,E,80,16,28,17,0,12,39,2022-10-21,799,1
934,Question...?,Taylor Swift,223064273,109,G,75,11,50,20,0,30,17,2022-10-21,800,1
935,On BS,"Drake, 21 Savage",170413877,158,A,84,33,36,2,0,39,59,2022-11-04,801,1
936,Mastermind,Taylor Swift,218320587,126,E,66,12,35,55,0,9,14,2022-10-21,802,1
937,Circo Loco,"Drake, 21 Savage",141720999,104,C#,73,25,61,1,0,32,7,2022-11-04,803,1
939,Spin Bout U,"Drake, 21 Savage",198365537,130,G,77,20,70,1,0,16,5,2022-11-04,804,0
941,"Would've, Could've, Should've",Taylor Swift,177503916,158,G,48,55,84,43,0,15,12,2022-10-21,805,1
942,Con La Brisa,"Ludwig Goransson, Foudeqush",71095708,114,D,62,25,44,51,33,14,3,2022-11-04,806,1
943,Privileged Rappers,"Drake, 21 Savage",112436403,144,F,93,62,61,0,0,12,20,2022-11-04,807,1
944,The Astronaut,Jin,203436468,125,F,54,22,76,0,0,14,3,2022-10-28,808,1
945,BackOutsideBoyz,Drake,93367537,142,F,85,40,43,4,0,39,32,2022-11-04,809,1
946,Broke Boys,"Drake, 21 Savage",106249219,120,D,64,11,53,1,0,25,27,2022-11-04,810,1
947,The Great War,Taylor Swift,181382590,96,F,57,55,74,22,0,8,4,2022-10-21,811,1
948,My Mind & Me,Selena Gomez,91473363,144,A,60,24,39,57,0,8,3,2022-11-03,812,1
949,Bigger Than The Whole Sky,Taylor Swift,121871870,166,F#,42,7,24,83,1,12,6,2022-10-21,813,1
950,A Veces (feat. Feid),"Feid, Paulo Londra",73513683,92,C#,80,81,67,4,0,8,6,2022-11-03,814,1
951,En La De Ella,"Feid, Sech, Jhayco",133895612,97,C#,82,67,77,8,0,12,5,2022-10-20,815,1
952,Alone,Burna Boy,96007391,90,E,61,32,67,15,0,11,5,2022-11-04,816,1
